"2025-04-29 10:48:27","26s         Normal    Scheduled                      pod/nginx-app-599cdbddb-bbs5l       Successfully assigned default/nginx-app-599cdbddb-bbs5l to worker7"
"2025-04-29 10:48:27","26s         Normal    Pulling                        pod/nginx-app-599cdbddb-bbs5l       Pulling image "nginx:latest""
"2025-04-29 10:48:27","26s         Normal    ScalingReplicaSet              deployment/nginx-app                Scaled up replica set nginx-app-599cdbddb to 1"
"2025-04-29 10:48:27","26s         Normal    SuccessfulCreate               replicaset/nginx-app-599cdbddb      Created pod: nginx-app-599cdbddb-bbs5l"
"2025-04-29 10:48:27","19s         Normal    Created                        pod/nginx-app-599cdbddb-bbs5l       Created container nginx"
"2025-04-29 10:48:27","19s         Normal    Started                        pod/nginx-app-599cdbddb-bbs5l       Started container nginx"
"2025-04-29 10:48:27","19s         Normal    Pulled                         pod/nginx-app-599cdbddb-bbs5l       Successfully pulled image "nginx:latest" in 6.423s (6.423s including waiting). Image size: 72404038 bytes."
"2025-04-29 10:48:37","36s         Normal    Scheduled                      pod/nginx-app-599cdbddb-bbs5l       Successfully assigned default/nginx-app-599cdbddb-bbs5l to worker7"
"2025-04-29 10:48:37","36s         Normal    ScalingReplicaSet              deployment/nginx-app                Scaled up replica set nginx-app-599cdbddb to 1"
"2025-04-29 10:48:37","36s         Normal    Pulling                        pod/nginx-app-599cdbddb-bbs5l       Pulling image "nginx:latest""
"2025-04-29 10:48:37","36s         Normal    SuccessfulCreate               replicaset/nginx-app-599cdbddb      Created pod: nginx-app-599cdbddb-bbs5l"
"2025-04-29 10:48:37","29s         Normal    Created                        pod/nginx-app-599cdbddb-bbs5l       Created container nginx"
"2025-04-29 10:48:37","29s         Normal    Started                        pod/nginx-app-599cdbddb-bbs5l       Started container nginx"
"2025-04-29 10:48:37","29s         Normal    Pulled                         pod/nginx-app-599cdbddb-bbs5l       Successfully pulled image "nginx:latest" in 6.423s (6.423s including waiting). Image size: 72404038 bytes."
"2025-04-29 10:48:47","46s         Normal    Scheduled                      pod/nginx-app-599cdbddb-bbs5l       Successfully assigned default/nginx-app-599cdbddb-bbs5l to worker7"
"2025-04-29 10:48:47","46s         Normal    Pulling                        pod/nginx-app-599cdbddb-bbs5l       Pulling image "nginx:latest""
"2025-04-29 10:48:47","46s         Normal    ScalingReplicaSet              deployment/nginx-app                Scaled up replica set nginx-app-599cdbddb to 1"
"2025-04-29 10:48:47","46s         Normal    SuccessfulCreate               replicaset/nginx-app-599cdbddb      Created pod: nginx-app-599cdbddb-bbs5l"
"2025-04-29 10:48:47","39s         Normal    Created                        pod/nginx-app-599cdbddb-bbs5l       Created container nginx"
"2025-04-29 10:48:47","39s         Normal    Pulled                         pod/nginx-app-599cdbddb-bbs5l       Successfully pulled image "nginx:latest" in 6.423s (6.423s including waiting). Image size: 72404038 bytes."
"2025-04-29 10:48:47","39s         Normal    Started                        pod/nginx-app-599cdbddb-bbs5l       Started container nginx"
"2025-04-29 10:48:47","1s          Warning   FailedComputeMetricsReplicas   horizontalpodautoscaler/nginx-hpa   invalid metrics (1 invalid out of 1), first error is: failed to get cpu resource metric value: failed to get cpu utilization: missing request for cpu in container nginx of Pod nginx-app-599cdbddb-bbs5l"
"2025-04-29 10:48:47","1s          Warning   FailedGetResourceMetric        horizontalpodautoscaler/nginx-hpa   failed to get cpu utilization: missing request for cpu in container nginx of Pod nginx-app-599cdbddb-bbs5l"
"2025-04-29 10:48:57","56s         Normal    Scheduled                      pod/nginx-app-599cdbddb-bbs5l       Successfully assigned default/nginx-app-599cdbddb-bbs5l to worker7"
"2025-04-29 10:48:57","56s         Normal    Pulling                        pod/nginx-app-599cdbddb-bbs5l       Pulling image "nginx:latest""
"2025-04-29 10:48:57","56s         Normal    ScalingReplicaSet              deployment/nginx-app                Scaled up replica set nginx-app-599cdbddb to 1"
"2025-04-29 10:48:57","56s         Normal    SuccessfulCreate               replicaset/nginx-app-599cdbddb      Created pod: nginx-app-599cdbddb-bbs5l"
"2025-04-29 10:48:57","49s         Normal    Created                        pod/nginx-app-599cdbddb-bbs5l       Created container nginx"
"2025-04-29 10:48:57","49s         Normal    Pulled                         pod/nginx-app-599cdbddb-bbs5l       Successfully pulled image "nginx:latest" in 6.423s (6.423s including waiting). Image size: 72404038 bytes."
"2025-04-29 10:48:57","49s         Normal    Started                        pod/nginx-app-599cdbddb-bbs5l       Started container nginx"
"2025-04-29 10:48:57","11s         Warning   FailedComputeMetricsReplicas   horizontalpodautoscaler/nginx-hpa   invalid metrics (1 invalid out of 1), first error is: failed to get cpu resource metric value: failed to get cpu utilization: missing request for cpu in container nginx of Pod nginx-app-599cdbddb-bbs5l"
"2025-04-29 10:48:57","11s         Warning   FailedGetResourceMetric        horizontalpodautoscaler/nginx-hpa   failed to get cpu utilization: missing request for cpu in container nginx of Pod nginx-app-599cdbddb-bbs5l"
"2025-04-29 10:49:07","66s         Normal    Scheduled                      pod/nginx-app-599cdbddb-bbs5l       Successfully assigned default/nginx-app-599cdbddb-bbs5l to worker7"
"2025-04-29 10:49:07","66s         Normal    Pulling                        pod/nginx-app-599cdbddb-bbs5l       Pulling image "nginx:latest""
"2025-04-29 10:49:07","66s         Normal    ScalingReplicaSet              deployment/nginx-app                Scaled up replica set nginx-app-599cdbddb to 1"
"2025-04-29 10:49:07","66s         Normal    SuccessfulCreate               replicaset/nginx-app-599cdbddb      Created pod: nginx-app-599cdbddb-bbs5l"
"2025-04-29 10:49:07","59s         Normal    Created                        pod/nginx-app-599cdbddb-bbs5l       Created container nginx"
"2025-04-29 10:49:07","59s         Normal    Pulled                         pod/nginx-app-599cdbddb-bbs5l       Successfully pulled image "nginx:latest" in 6.423s (6.423s including waiting). Image size: 72404038 bytes."
"2025-04-29 10:49:07","59s         Normal    Started                        pod/nginx-app-599cdbddb-bbs5l       Started container nginx"
"2025-04-29 10:49:07","6s          Warning   FailedComputeMetricsReplicas   horizontalpodautoscaler/nginx-hpa   invalid metrics (1 invalid out of 1), first error is: failed to get cpu resource metric value: failed to get cpu utilization: missing request for cpu in container nginx of Pod nginx-app-599cdbddb-bbs5l"
"2025-04-29 10:49:07","6s          Warning   FailedGetResourceMetric        horizontalpodautoscaler/nginx-hpa   failed to get cpu utilization: missing request for cpu in container nginx of Pod nginx-app-599cdbddb-bbs5l"
"2025-04-29 10:49:17","76s         Normal    Scheduled                      pod/nginx-app-599cdbddb-bbs5l       Successfully assigned default/nginx-app-599cdbddb-bbs5l to worker7"
"2025-04-29 10:49:17","76s         Normal    Pulling                        pod/nginx-app-599cdbddb-bbs5l       Pulling image "nginx:latest""
"2025-04-29 10:49:17","76s         Normal    ScalingReplicaSet              deployment/nginx-app                Scaled up replica set nginx-app-599cdbddb to 1"
"2025-04-29 10:49:17","76s         Normal    SuccessfulCreate               replicaset/nginx-app-599cdbddb      Created pod: nginx-app-599cdbddb-bbs5l"
"2025-04-29 10:49:17","69s         Normal    Created                        pod/nginx-app-599cdbddb-bbs5l       Created container nginx"
"2025-04-29 10:49:17","69s         Normal    Pulled                         pod/nginx-app-599cdbddb-bbs5l       Successfully pulled image "nginx:latest" in 6.423s (6.423s including waiting). Image size: 72404038 bytes."
"2025-04-29 10:49:17","69s         Normal    Started                        pod/nginx-app-599cdbddb-bbs5l       Started container nginx"
"2025-04-29 10:49:17","1s          Warning   FailedComputeMetricsReplicas   horizontalpodautoscaler/nginx-hpa   invalid metrics (1 invalid out of 1), first error is: failed to get cpu resource metric value: failed to get cpu utilization: missing request for cpu in container nginx of Pod nginx-app-599cdbddb-bbs5l"
"2025-04-29 10:49:17","1s          Warning   FailedGetResourceMetric        horizontalpodautoscaler/nginx-hpa   failed to get cpu utilization: missing request for cpu in container nginx of Pod nginx-app-599cdbddb-bbs5l"
"2025-04-29 10:49:27","86s         Normal    Scheduled                      pod/nginx-app-599cdbddb-bbs5l       Successfully assigned default/nginx-app-599cdbddb-bbs5l to worker7"
"2025-04-29 10:49:27","86s         Normal    Pulling                        pod/nginx-app-599cdbddb-bbs5l       Pulling image "nginx:latest""
"2025-04-29 10:49:27","86s         Normal    ScalingReplicaSet              deployment/nginx-app                Scaled up replica set nginx-app-599cdbddb to 1"
"2025-04-29 10:49:27","86s         Normal    SuccessfulCreate               replicaset/nginx-app-599cdbddb      Created pod: nginx-app-599cdbddb-bbs5l"
"2025-04-29 10:49:27","79s         Normal    Created                        pod/nginx-app-599cdbddb-bbs5l       Created container nginx"
"2025-04-29 10:49:27","79s         Normal    Pulled                         pod/nginx-app-599cdbddb-bbs5l       Successfully pulled image "nginx:latest" in 6.423s (6.423s including waiting). Image size: 72404038 bytes."
"2025-04-29 10:49:27","79s         Normal    Started                        pod/nginx-app-599cdbddb-bbs5l       Started container nginx"
"2025-04-29 10:49:27","11s         Warning   FailedComputeMetricsReplicas   horizontalpodautoscaler/nginx-hpa   invalid metrics (1 invalid out of 1), first error is: failed to get cpu resource metric value: failed to get cpu utilization: missing request for cpu in container nginx of Pod nginx-app-599cdbddb-bbs5l"
"2025-04-29 10:49:27","11s         Warning   FailedGetResourceMetric        horizontalpodautoscaler/nginx-hpa   failed to get cpu utilization: missing request for cpu in container nginx of Pod nginx-app-599cdbddb-bbs5l"
"2025-04-29 10:49:37","96s         Normal    Scheduled                      pod/nginx-app-599cdbddb-bbs5l       Successfully assigned default/nginx-app-599cdbddb-bbs5l to worker7"
"2025-04-29 10:49:37","96s         Normal    Pulling                        pod/nginx-app-599cdbddb-bbs5l       Pulling image "nginx:latest""
"2025-04-29 10:49:37","96s         Normal    ScalingReplicaSet              deployment/nginx-app                Scaled up replica set nginx-app-599cdbddb to 1"
"2025-04-29 10:49:37","96s         Normal    SuccessfulCreate               replicaset/nginx-app-599cdbddb      Created pod: nginx-app-599cdbddb-bbs5l"
"2025-04-29 10:49:37","89s         Normal    Created                        pod/nginx-app-599cdbddb-bbs5l       Created container nginx"
"2025-04-29 10:49:37","89s         Normal    Pulled                         pod/nginx-app-599cdbddb-bbs5l       Successfully pulled image "nginx:latest" in 6.423s (6.423s including waiting). Image size: 72404038 bytes."
"2025-04-29 10:49:37","89s         Normal    Started                        pod/nginx-app-599cdbddb-bbs5l       Started container nginx"
"2025-04-29 10:49:37","6s          Warning   FailedComputeMetricsReplicas   horizontalpodautoscaler/nginx-hpa   invalid metrics (1 invalid out of 1), first error is: failed to get cpu resource metric value: failed to get cpu utilization: missing request for cpu in container nginx of Pod nginx-app-599cdbddb-bbs5l"
"2025-04-29 10:49:37","6s          Warning   FailedGetResourceMetric        horizontalpodautoscaler/nginx-hpa   failed to get cpu utilization: missing request for cpu in container nginx of Pod nginx-app-599cdbddb-bbs5l"
"2025-04-29 10:49:47","106s        Normal    Scheduled                      pod/nginx-app-599cdbddb-bbs5l       Successfully assigned default/nginx-app-599cdbddb-bbs5l to worker7"
"2025-04-29 10:49:47","106s        Normal    Pulling                        pod/nginx-app-599cdbddb-bbs5l       Pulling image "nginx:latest""
"2025-04-29 10:49:47","106s        Normal    ScalingReplicaSet              deployment/nginx-app                Scaled up replica set nginx-app-599cdbddb to 1"
"2025-04-29 10:49:47","106s        Normal    SuccessfulCreate               replicaset/nginx-app-599cdbddb      Created pod: nginx-app-599cdbddb-bbs5l"
"2025-04-29 10:49:47","99s         Normal    Created                        pod/nginx-app-599cdbddb-bbs5l       Created container nginx"
"2025-04-29 10:49:47","99s         Normal    Pulled                         pod/nginx-app-599cdbddb-bbs5l       Successfully pulled image "nginx:latest" in 6.423s (6.423s including waiting). Image size: 72404038 bytes."
"2025-04-29 10:49:47","99s         Normal    Started                        pod/nginx-app-599cdbddb-bbs5l       Started container nginx"
"2025-04-29 10:49:47","1s          Warning   FailedComputeMetricsReplicas   horizontalpodautoscaler/nginx-hpa   invalid metrics (1 invalid out of 1), first error is: failed to get cpu resource metric value: failed to get cpu utilization: missing request for cpu in container nginx of Pod nginx-app-599cdbddb-bbs5l"
"2025-04-29 10:49:47","1s          Warning   FailedGetResourceMetric        horizontalpodautoscaler/nginx-hpa   failed to get cpu utilization: missing request for cpu in container nginx of Pod nginx-app-599cdbddb-bbs5l"
"2025-04-29 10:49:57","116s        Normal    Scheduled                      pod/nginx-app-599cdbddb-bbs5l       Successfully assigned default/nginx-app-599cdbddb-bbs5l to worker7"
"2025-04-29 10:49:57","116s        Normal    Pulling                        pod/nginx-app-599cdbddb-bbs5l       Pulling image "nginx:latest""
"2025-04-29 10:49:57","116s        Normal    ScalingReplicaSet              deployment/nginx-app                Scaled up replica set nginx-app-599cdbddb to 1"
"2025-04-29 10:49:57","116s        Normal    SuccessfulCreate               replicaset/nginx-app-599cdbddb      Created pod: nginx-app-599cdbddb-bbs5l"
"2025-04-29 10:49:57","109s        Normal    Created                        pod/nginx-app-599cdbddb-bbs5l       Created container nginx"
"2025-04-29 10:49:57","109s        Normal    Pulled                         pod/nginx-app-599cdbddb-bbs5l       Successfully pulled image "nginx:latest" in 6.423s (6.423s including waiting). Image size: 72404038 bytes."
"2025-04-29 10:49:57","109s        Normal    Started                        pod/nginx-app-599cdbddb-bbs5l       Started container nginx"
"2025-04-29 10:49:57","11s         Warning   FailedComputeMetricsReplicas   horizontalpodautoscaler/nginx-hpa   invalid metrics (1 invalid out of 1), first error is: failed to get cpu resource metric value: failed to get cpu utilization: missing request for cpu in container nginx of Pod nginx-app-599cdbddb-bbs5l"
"2025-04-29 10:49:57","11s         Warning   FailedGetResourceMetric        horizontalpodautoscaler/nginx-hpa   failed to get cpu utilization: missing request for cpu in container nginx of Pod nginx-app-599cdbddb-bbs5l"
"2025-04-29 10:50:07","2m6s        Normal    Scheduled                      pod/nginx-app-599cdbddb-bbs5l       Successfully assigned default/nginx-app-599cdbddb-bbs5l to worker7"
"2025-04-29 10:50:07","2m7s        Normal    Pulling                        pod/nginx-app-599cdbddb-bbs5l       Pulling image "nginx:latest""
"2025-04-29 10:50:07","2m7s        Normal    ScalingReplicaSet              deployment/nginx-app                Scaled up replica set nginx-app-599cdbddb to 1"
"2025-04-29 10:50:07","2m7s        Normal    SuccessfulCreate               replicaset/nginx-app-599cdbddb      Created pod: nginx-app-599cdbddb-bbs5l"
"2025-04-29 10:50:07","2m          Normal    Created                        pod/nginx-app-599cdbddb-bbs5l       Created container nginx"
"2025-04-29 10:50:07","2m          Normal    Pulled                         pod/nginx-app-599cdbddb-bbs5l       Successfully pulled image "nginx:latest" in 6.423s (6.423s including waiting). Image size: 72404038 bytes."
"2025-04-29 10:50:07","2m          Normal    Started                        pod/nginx-app-599cdbddb-bbs5l       Started container nginx"
"2025-04-29 10:50:07","7s          Warning   FailedComputeMetricsReplicas   horizontalpodautoscaler/nginx-hpa   invalid metrics (1 invalid out of 1), first error is: failed to get cpu resource metric value: failed to get cpu utilization: missing request for cpu in container nginx of Pod nginx-app-599cdbddb-bbs5l"
"2025-04-29 10:50:07","7s          Warning   FailedGetResourceMetric        horizontalpodautoscaler/nginx-hpa   failed to get cpu utilization: missing request for cpu in container nginx of Pod nginx-app-599cdbddb-bbs5l"
"2025-04-29 10:50:18","2m16s       Normal    Scheduled                      pod/nginx-app-599cdbddb-bbs5l       Successfully assigned default/nginx-app-599cdbddb-bbs5l to worker7"
"2025-04-29 10:50:18","2m17s       Normal    Pulling                        pod/nginx-app-599cdbddb-bbs5l       Pulling image "nginx:latest""
"2025-04-29 10:50:18","2m17s       Normal    ScalingReplicaSet              deployment/nginx-app                Scaled up replica set nginx-app-599cdbddb to 1"
"2025-04-29 10:50:18","2m17s       Normal    SuccessfulCreate               replicaset/nginx-app-599cdbddb      Created pod: nginx-app-599cdbddb-bbs5l"
"2025-04-29 10:50:18","2m10s       Normal    Created                        pod/nginx-app-599cdbddb-bbs5l       Created container nginx"
"2025-04-29 10:50:18","2m10s       Normal    Pulled                         pod/nginx-app-599cdbddb-bbs5l       Successfully pulled image "nginx:latest" in 6.423s (6.423s including waiting). Image size: 72404038 bytes."
"2025-04-29 10:50:18","2m10s       Normal    Started                        pod/nginx-app-599cdbddb-bbs5l       Started container nginx"
"2025-04-29 10:50:18","2s          Warning   FailedComputeMetricsReplicas   horizontalpodautoscaler/nginx-hpa   invalid metrics (1 invalid out of 1), first error is: failed to get cpu resource metric value: failed to get cpu utilization: missing request for cpu in container nginx of Pod nginx-app-599cdbddb-bbs5l"
"2025-04-29 10:50:18","2s          Warning   FailedGetResourceMetric        horizontalpodautoscaler/nginx-hpa   failed to get cpu utilization: missing request for cpu in container nginx of Pod nginx-app-599cdbddb-bbs5l"
"2025-04-29 10:50:28","2m26s       Normal    Scheduled                      pod/nginx-app-599cdbddb-bbs5l       Successfully assigned default/nginx-app-599cdbddb-bbs5l to worker7"
"2025-04-29 10:50:28","2m27s       Normal    Pulling                        pod/nginx-app-599cdbddb-bbs5l       Pulling image "nginx:latest""
"2025-04-29 10:50:28","2m27s       Normal    ScalingReplicaSet              deployment/nginx-app                Scaled up replica set nginx-app-599cdbddb to 1"
"2025-04-29 10:50:28","2m27s       Normal    SuccessfulCreate               replicaset/nginx-app-599cdbddb      Created pod: nginx-app-599cdbddb-bbs5l"
"2025-04-29 10:50:28","2m20s       Normal    Created                        pod/nginx-app-599cdbddb-bbs5l       Created container nginx"
"2025-04-29 10:50:28","2m20s       Normal    Pulled                         pod/nginx-app-599cdbddb-bbs5l       Successfully pulled image "nginx:latest" in 6.423s (6.423s including waiting). Image size: 72404038 bytes."
"2025-04-29 10:50:28","2m20s       Normal    Started                        pod/nginx-app-599cdbddb-bbs5l       Started container nginx"
"2025-04-29 10:50:28","12s         Warning   FailedComputeMetricsReplicas   horizontalpodautoscaler/nginx-hpa   invalid metrics (1 invalid out of 1), first error is: failed to get cpu resource metric value: failed to get cpu utilization: missing request for cpu in container nginx of Pod nginx-app-599cdbddb-bbs5l"
"2025-04-29 10:50:28","12s         Warning   FailedGetResourceMetric        horizontalpodautoscaler/nginx-hpa   failed to get cpu utilization: missing request for cpu in container nginx of Pod nginx-app-599cdbddb-bbs5l"
"2025-04-29 10:50:38","2m36s       Normal    Scheduled                      pod/nginx-app-599cdbddb-bbs5l       Successfully assigned default/nginx-app-599cdbddb-bbs5l to worker7"
"2025-04-29 10:50:38","2m37s       Normal    Pulling                        pod/nginx-app-599cdbddb-bbs5l       Pulling image "nginx:latest""
"2025-04-29 10:50:38","2m37s       Normal    ScalingReplicaSet              deployment/nginx-app                Scaled up replica set nginx-app-599cdbddb to 1"
"2025-04-29 10:50:38","2m37s       Normal    SuccessfulCreate               replicaset/nginx-app-599cdbddb      Created pod: nginx-app-599cdbddb-bbs5l"
"2025-04-29 10:50:38","2m30s       Normal    Created                        pod/nginx-app-599cdbddb-bbs5l       Created container nginx"
"2025-04-29 10:50:38","2m30s       Normal    Pulled                         pod/nginx-app-599cdbddb-bbs5l       Successfully pulled image "nginx:latest" in 6.423s (6.423s including waiting). Image size: 72404038 bytes."
"2025-04-29 10:50:38","2m30s       Normal    Started                        pod/nginx-app-599cdbddb-bbs5l       Started container nginx"
"2025-04-29 10:50:38","7s          Warning   FailedComputeMetricsReplicas   horizontalpodautoscaler/nginx-hpa   invalid metrics (1 invalid out of 1), first error is: failed to get cpu resource metric value: failed to get cpu utilization: missing request for cpu in container nginx of Pod nginx-app-599cdbddb-bbs5l"
"2025-04-29 10:50:38","7s          Warning   FailedGetResourceMetric        horizontalpodautoscaler/nginx-hpa   failed to get cpu utilization: missing request for cpu in container nginx of Pod nginx-app-599cdbddb-bbs5l"
"2025-04-29 10:50:48","2m46s       Normal    Scheduled                      pod/nginx-app-599cdbddb-bbs5l       Successfully assigned default/nginx-app-599cdbddb-bbs5l to worker7"
"2025-04-29 10:50:48","2m47s       Normal    Pulling                        pod/nginx-app-599cdbddb-bbs5l       Pulling image "nginx:latest""
"2025-04-29 10:50:48","2m47s       Normal    ScalingReplicaSet              deployment/nginx-app                Scaled up replica set nginx-app-599cdbddb to 1"
"2025-04-29 10:50:48","2m47s       Normal    SuccessfulCreate               replicaset/nginx-app-599cdbddb      Created pod: nginx-app-599cdbddb-bbs5l"
"2025-04-29 10:50:48","2m40s       Normal    Created                        pod/nginx-app-599cdbddb-bbs5l       Created container nginx"
"2025-04-29 10:50:48","2m40s       Normal    Pulled                         pod/nginx-app-599cdbddb-bbs5l       Successfully pulled image "nginx:latest" in 6.423s (6.423s including waiting). Image size: 72404038 bytes."
"2025-04-29 10:50:48","2m40s       Normal    Started                        pod/nginx-app-599cdbddb-bbs5l       Started container nginx"
"2025-04-29 10:50:48","2s          Warning   FailedComputeMetricsReplicas   horizontalpodautoscaler/nginx-hpa   invalid metrics (1 invalid out of 1), first error is: failed to get cpu resource metric value: failed to get cpu utilization: missing request for cpu in container nginx of Pod nginx-app-599cdbddb-bbs5l"
"2025-04-29 10:50:48","2s          Warning   FailedGetResourceMetric        horizontalpodautoscaler/nginx-hpa   failed to get cpu utilization: missing request for cpu in container nginx of Pod nginx-app-599cdbddb-bbs5l"
"2025-04-29 10:50:58","2m56s       Normal    Scheduled                      pod/nginx-app-599cdbddb-bbs5l       Successfully assigned default/nginx-app-599cdbddb-bbs5l to worker7"
"2025-04-29 10:50:58","2m57s       Normal    Pulling                        pod/nginx-app-599cdbddb-bbs5l       Pulling image "nginx:latest""
"2025-04-29 10:50:58","2m57s       Normal    ScalingReplicaSet              deployment/nginx-app                Scaled up replica set nginx-app-599cdbddb to 1"
"2025-04-29 10:50:58","2m57s       Normal    SuccessfulCreate               replicaset/nginx-app-599cdbddb      Created pod: nginx-app-599cdbddb-bbs5l"
"2025-04-29 10:50:58","2m50s       Normal    Created                        pod/nginx-app-599cdbddb-bbs5l       Created container nginx"
"2025-04-29 10:50:58","2m50s       Normal    Pulled                         pod/nginx-app-599cdbddb-bbs5l       Successfully pulled image "nginx:latest" in 6.423s (6.423s including waiting). Image size: 72404038 bytes."
"2025-04-29 10:50:58","2m50s       Normal    Started                        pod/nginx-app-599cdbddb-bbs5l       Started container nginx"
"2025-04-29 10:50:58","12s         Warning   FailedComputeMetricsReplicas   horizontalpodautoscaler/nginx-hpa   invalid metrics (1 invalid out of 1), first error is: failed to get cpu resource metric value: failed to get cpu utilization: missing request for cpu in container nginx of Pod nginx-app-599cdbddb-bbs5l"
"2025-04-29 10:50:58","12s         Warning   FailedGetResourceMetric        horizontalpodautoscaler/nginx-hpa   failed to get cpu utilization: missing request for cpu in container nginx of Pod nginx-app-599cdbddb-bbs5l"
"2025-04-29 10:51:08","3m6s        Normal    Scheduled                      pod/nginx-app-599cdbddb-bbs5l       Successfully assigned default/nginx-app-599cdbddb-bbs5l to worker7"
"2025-04-29 10:51:08","3m7s        Normal    Pulling                        pod/nginx-app-599cdbddb-bbs5l       Pulling image "nginx:latest""
"2025-04-29 10:51:08","3m7s        Normal    ScalingReplicaSet              deployment/nginx-app                Scaled up replica set nginx-app-599cdbddb to 1"
"2025-04-29 10:51:08","3m7s        Normal    SuccessfulCreate               replicaset/nginx-app-599cdbddb      Created pod: nginx-app-599cdbddb-bbs5l"
"2025-04-29 10:51:08","3m          Normal    Created                        pod/nginx-app-599cdbddb-bbs5l       Created container nginx"
"2025-04-29 10:51:08","3m          Normal    Pulled                         pod/nginx-app-599cdbddb-bbs5l       Successfully pulled image "nginx:latest" in 6.423s (6.423s including waiting). Image size: 72404038 bytes."
"2025-04-29 10:51:08","3m          Normal    Started                        pod/nginx-app-599cdbddb-bbs5l       Started container nginx"
"2025-04-29 10:51:08","7s          Warning   FailedComputeMetricsReplicas   horizontalpodautoscaler/nginx-hpa   invalid metrics (1 invalid out of 1), first error is: failed to get cpu resource metric value: failed to get cpu utilization: missing request for cpu in container nginx of Pod nginx-app-599cdbddb-bbs5l"
"2025-04-29 10:51:08","7s          Warning   FailedGetResourceMetric        horizontalpodautoscaler/nginx-hpa   failed to get cpu utilization: missing request for cpu in container nginx of Pod nginx-app-599cdbddb-bbs5l"
"2025-04-29 10:51:18","3m16s       Normal    Scheduled                      pod/nginx-app-599cdbddb-bbs5l       Successfully assigned default/nginx-app-599cdbddb-bbs5l to worker7"
"2025-04-29 10:51:18","3m17s       Normal    Pulling                        pod/nginx-app-599cdbddb-bbs5l       Pulling image "nginx:latest""
"2025-04-29 10:51:18","3m17s       Normal    ScalingReplicaSet              deployment/nginx-app                Scaled up replica set nginx-app-599cdbddb to 1"
"2025-04-29 10:51:18","3m17s       Normal    SuccessfulCreate               replicaset/nginx-app-599cdbddb      Created pod: nginx-app-599cdbddb-bbs5l"
"2025-04-29 10:51:18","3m10s       Normal    Created                        pod/nginx-app-599cdbddb-bbs5l       Created container nginx"
"2025-04-29 10:51:18","3m10s       Normal    Pulled                         pod/nginx-app-599cdbddb-bbs5l       Successfully pulled image "nginx:latest" in 6.423s (6.423s including waiting). Image size: 72404038 bytes."
"2025-04-29 10:51:18","3m10s       Normal    Started                        pod/nginx-app-599cdbddb-bbs5l       Started container nginx"
"2025-04-29 10:51:18","17s         Warning   FailedComputeMetricsReplicas   horizontalpodautoscaler/nginx-hpa   invalid metrics (1 invalid out of 1), first error is: failed to get cpu resource metric value: failed to get cpu utilization: missing request for cpu in container nginx of Pod nginx-app-599cdbddb-bbs5l"
"2025-04-29 10:51:18","2s          Warning   FailedGetResourceMetric        horizontalpodautoscaler/nginx-hpa   failed to get cpu utilization: missing request for cpu in container nginx of Pod nginx-app-599cdbddb-bbs5l"
"2025-04-29 10:51:28","3m26s       Normal    Scheduled                      pod/nginx-app-599cdbddb-bbs5l       Successfully assigned default/nginx-app-599cdbddb-bbs5l to worker7"
"2025-04-29 10:51:28","3m27s       Normal    Pulling                        pod/nginx-app-599cdbddb-bbs5l       Pulling image "nginx:latest""
"2025-04-29 10:51:28","3m27s       Normal    ScalingReplicaSet              deployment/nginx-app                Scaled up replica set nginx-app-599cdbddb to 1"
"2025-04-29 10:51:28","3m27s       Normal    SuccessfulCreate               replicaset/nginx-app-599cdbddb      Created pod: nginx-app-599cdbddb-bbs5l"
"2025-04-29 10:51:28","3m20s       Normal    Created                        pod/nginx-app-599cdbddb-bbs5l       Created container nginx"
"2025-04-29 10:51:28","3m20s       Normal    Pulled                         pod/nginx-app-599cdbddb-bbs5l       Successfully pulled image "nginx:latest" in 6.423s (6.423s including waiting). Image size: 72404038 bytes."
"2025-04-29 10:51:28","3m20s       Normal    Started                        pod/nginx-app-599cdbddb-bbs5l       Started container nginx"
"2025-04-29 10:51:28","27s         Warning   FailedComputeMetricsReplicas   horizontalpodautoscaler/nginx-hpa   invalid metrics (1 invalid out of 1), first error is: failed to get cpu resource metric value: failed to get cpu utilization: missing request for cpu in container nginx of Pod nginx-app-599cdbddb-bbs5l"
"2025-04-29 10:51:28","12s         Warning   FailedGetResourceMetric        horizontalpodautoscaler/nginx-hpa   failed to get cpu utilization: missing request for cpu in container nginx of Pod nginx-app-599cdbddb-bbs5l"
"2025-04-29 10:51:38","3m36s       Normal    Scheduled                      pod/nginx-app-599cdbddb-bbs5l       Successfully assigned default/nginx-app-599cdbddb-bbs5l to worker7"
"2025-04-29 10:51:38","3m37s       Normal    Pulling                        pod/nginx-app-599cdbddb-bbs5l       Pulling image "nginx:latest""
"2025-04-29 10:51:38","3m37s       Normal    ScalingReplicaSet              deployment/nginx-app                Scaled up replica set nginx-app-599cdbddb to 1"
"2025-04-29 10:51:38","3m37s       Normal    SuccessfulCreate               replicaset/nginx-app-599cdbddb      Created pod: nginx-app-599cdbddb-bbs5l"
"2025-04-29 10:51:38","3m30s       Normal    Created                        pod/nginx-app-599cdbddb-bbs5l       Created container nginx"
"2025-04-29 10:51:38","3m30s       Normal    Pulled                         pod/nginx-app-599cdbddb-bbs5l       Successfully pulled image "nginx:latest" in 6.423s (6.423s including waiting). Image size: 72404038 bytes."
"2025-04-29 10:51:38","3m30s       Normal    Started                        pod/nginx-app-599cdbddb-bbs5l       Started container nginx"
"2025-04-29 10:51:38","37s         Warning   FailedComputeMetricsReplicas   horizontalpodautoscaler/nginx-hpa   invalid metrics (1 invalid out of 1), first error is: failed to get cpu resource metric value: failed to get cpu utilization: missing request for cpu in container nginx of Pod nginx-app-599cdbddb-bbs5l"
"2025-04-29 10:51:38","22s         Warning   FailedGetResourceMetric        horizontalpodautoscaler/nginx-hpa   failed to get cpu utilization: missing request for cpu in container nginx of Pod nginx-app-599cdbddb-bbs5l"
"2025-04-29 10:51:48","3m47s       Normal    Scheduled                      pod/nginx-app-599cdbddb-bbs5l       Successfully assigned default/nginx-app-599cdbddb-bbs5l to worker7"
"2025-04-29 10:51:48","3m47s       Normal    Pulling                        pod/nginx-app-599cdbddb-bbs5l       Pulling image "nginx:latest""
"2025-04-29 10:51:48","3m47s       Normal    ScalingReplicaSet              deployment/nginx-app                Scaled up replica set nginx-app-599cdbddb to 1"
"2025-04-29 10:51:48","3m47s       Normal    SuccessfulCreate               replicaset/nginx-app-599cdbddb      Created pod: nginx-app-599cdbddb-bbs5l"
"2025-04-29 10:51:48","3m40s       Normal    Created                        pod/nginx-app-599cdbddb-bbs5l       Created container nginx"
"2025-04-29 10:51:48","3m40s       Normal    Pulled                         pod/nginx-app-599cdbddb-bbs5l       Successfully pulled image "nginx:latest" in 6.423s (6.423s including waiting). Image size: 72404038 bytes."
"2025-04-29 10:51:48","3m40s       Normal    Started                        pod/nginx-app-599cdbddb-bbs5l       Started container nginx"
"2025-04-29 10:51:48","47s         Warning   FailedComputeMetricsReplicas   horizontalpodautoscaler/nginx-hpa   invalid metrics (1 invalid out of 1), first error is: failed to get cpu resource metric value: failed to get cpu utilization: missing request for cpu in container nginx of Pod nginx-app-599cdbddb-bbs5l"
"2025-04-29 10:51:48","32s         Warning   FailedGetResourceMetric        horizontalpodautoscaler/nginx-hpa   failed to get cpu utilization: missing request for cpu in container nginx of Pod nginx-app-599cdbddb-bbs5l"
"2025-04-29 10:51:58","3m57s       Normal    Scheduled                      pod/nginx-app-599cdbddb-bbs5l       Successfully assigned default/nginx-app-599cdbddb-bbs5l to worker7"
"2025-04-29 10:51:58","3m57s       Normal    Pulling                        pod/nginx-app-599cdbddb-bbs5l       Pulling image "nginx:latest""
"2025-04-29 10:51:58","3m57s       Normal    ScalingReplicaSet              deployment/nginx-app                Scaled up replica set nginx-app-599cdbddb to 1"
"2025-04-29 10:51:58","3m57s       Normal    SuccessfulCreate               replicaset/nginx-app-599cdbddb      Created pod: nginx-app-599cdbddb-bbs5l"
"2025-04-29 10:51:58","3m50s       Normal    Created                        pod/nginx-app-599cdbddb-bbs5l       Created container nginx"
"2025-04-29 10:51:58","3m50s       Normal    Pulled                         pod/nginx-app-599cdbddb-bbs5l       Successfully pulled image "nginx:latest" in 6.423s (6.423s including waiting). Image size: 72404038 bytes."
"2025-04-29 10:51:58","3m50s       Normal    Started                        pod/nginx-app-599cdbddb-bbs5l       Started container nginx"
"2025-04-29 10:51:58","57s         Warning   FailedComputeMetricsReplicas   horizontalpodautoscaler/nginx-hpa   invalid metrics (1 invalid out of 1), first error is: failed to get cpu resource metric value: failed to get cpu utilization: missing request for cpu in container nginx of Pod nginx-app-599cdbddb-bbs5l"
"2025-04-29 10:51:58","42s         Warning   FailedGetResourceMetric        horizontalpodautoscaler/nginx-hpa   failed to get cpu utilization: missing request for cpu in container nginx of Pod nginx-app-599cdbddb-bbs5l"
"2025-04-29 10:52:08","4m7s        Normal    Scheduled                      pod/nginx-app-599cdbddb-bbs5l       Successfully assigned default/nginx-app-599cdbddb-bbs5l to worker7"
"2025-04-29 10:52:08","4m7s        Normal    Pulling                        pod/nginx-app-599cdbddb-bbs5l       Pulling image "nginx:latest""
"2025-04-29 10:52:08","4m7s        Normal    ScalingReplicaSet              deployment/nginx-app                Scaled up replica set nginx-app-599cdbddb to 1"
"2025-04-29 10:52:08","4m7s        Normal    SuccessfulCreate               replicaset/nginx-app-599cdbddb      Created pod: nginx-app-599cdbddb-bbs5l"
"2025-04-29 10:52:08","4m          Normal    Created                        pod/nginx-app-599cdbddb-bbs5l       Created container nginx"
"2025-04-29 10:52:08","4m          Normal    Pulled                         pod/nginx-app-599cdbddb-bbs5l       Successfully pulled image "nginx:latest" in 6.423s (6.423s including waiting). Image size: 72404038 bytes."
"2025-04-29 10:52:08","4m          Normal    Started                        pod/nginx-app-599cdbddb-bbs5l       Started container nginx"
"2025-04-29 10:52:08","67s         Warning   FailedComputeMetricsReplicas   horizontalpodautoscaler/nginx-hpa   invalid metrics (1 invalid out of 1), first error is: failed to get cpu resource metric value: failed to get cpu utilization: missing request for cpu in container nginx of Pod nginx-app-599cdbddb-bbs5l"
"2025-04-29 10:52:08","52s         Warning   FailedGetResourceMetric        horizontalpodautoscaler/nginx-hpa   failed to get cpu utilization: missing request for cpu in container nginx of Pod nginx-app-599cdbddb-bbs5l"
"2025-04-29 10:52:18","4m17s       Normal    Scheduled                      pod/nginx-app-599cdbddb-bbs5l       Successfully assigned default/nginx-app-599cdbddb-bbs5l to worker7"
"2025-04-29 10:52:18","4m17s       Normal    Pulling                        pod/nginx-app-599cdbddb-bbs5l       Pulling image "nginx:latest""
"2025-04-29 10:52:18","4m17s       Normal    ScalingReplicaSet              deployment/nginx-app                Scaled up replica set nginx-app-599cdbddb to 1"
"2025-04-29 10:52:18","4m17s       Normal    SuccessfulCreate               replicaset/nginx-app-599cdbddb      Created pod: nginx-app-599cdbddb-bbs5l"
"2025-04-29 10:52:18","4m10s       Normal    Created                        pod/nginx-app-599cdbddb-bbs5l       Created container nginx"
"2025-04-29 10:52:18","4m10s       Normal    Pulled                         pod/nginx-app-599cdbddb-bbs5l       Successfully pulled image "nginx:latest" in 6.423s (6.423s including waiting). Image size: 72404038 bytes."
"2025-04-29 10:52:18","4m10s       Normal    Started                        pod/nginx-app-599cdbddb-bbs5l       Started container nginx"
"2025-04-29 10:52:18","77s         Warning   FailedComputeMetricsReplicas   horizontalpodautoscaler/nginx-hpa   invalid metrics (1 invalid out of 1), first error is: failed to get cpu resource metric value: failed to get cpu utilization: missing request for cpu in container nginx of Pod nginx-app-599cdbddb-bbs5l"
"2025-04-29 10:52:18","62s         Warning   FailedGetResourceMetric        horizontalpodautoscaler/nginx-hpa   failed to get cpu utilization: missing request for cpu in container nginx of Pod nginx-app-599cdbddb-bbs5l"
"2025-04-29 10:52:28","4m27s       Normal    ScalingReplicaSet              deployment/nginx-app                Scaled up replica set nginx-app-599cdbddb to 1"
"2025-04-29 10:52:28","4m27s       Normal    SuccessfulCreate               replicaset/nginx-app-599cdbddb      Created pod: nginx-app-599cdbddb-bbs5l"
"2025-04-29 10:52:28","4m27s       Normal    Scheduled                      pod/nginx-app-599cdbddb-bbs5l       Successfully assigned default/nginx-app-599cdbddb-bbs5l to worker7"
"2025-04-29 10:52:28","4m27s       Normal    Pulling                        pod/nginx-app-599cdbddb-bbs5l       Pulling image "nginx:latest""
"2025-04-29 10:52:28","4m20s       Normal    Created                        pod/nginx-app-599cdbddb-bbs5l       Created container nginx"
"2025-04-29 10:52:28","4m20s       Normal    Started                        pod/nginx-app-599cdbddb-bbs5l       Started container nginx"
"2025-04-29 10:52:28","4m20s       Normal    Pulled                         pod/nginx-app-599cdbddb-bbs5l       Successfully pulled image "nginx:latest" in 6.423s (6.423s including waiting). Image size: 72404038 bytes."
"2025-04-29 10:52:28","72s         Warning   FailedGetResourceMetric        horizontalpodautoscaler/nginx-hpa   failed to get cpu utilization: missing request for cpu in container nginx of Pod nginx-app-599cdbddb-bbs5l"
"2025-04-29 10:52:28","87s         Warning   FailedComputeMetricsReplicas   horizontalpodautoscaler/nginx-hpa   invalid metrics (1 invalid out of 1), first error is: failed to get cpu resource metric value: failed to get cpu utilization: missing request for cpu in container nginx of Pod nginx-app-599cdbddb-bbs5l"
"2025-04-29 10:52:38","4m37s       Normal    ScalingReplicaSet              deployment/nginx-app                Scaled up replica set nginx-app-599cdbddb to 1"
"2025-04-29 10:52:38","4m37s       Normal    SuccessfulCreate               replicaset/nginx-app-599cdbddb      Created pod: nginx-app-599cdbddb-bbs5l"
"2025-04-29 10:52:38","4m37s       Normal    Scheduled                      pod/nginx-app-599cdbddb-bbs5l       Successfully assigned default/nginx-app-599cdbddb-bbs5l to worker7"
"2025-04-29 10:52:38","4m37s       Normal    Pulling                        pod/nginx-app-599cdbddb-bbs5l       Pulling image "nginx:latest""
"2025-04-29 10:52:38","4m30s       Normal    Created                        pod/nginx-app-599cdbddb-bbs5l       Created container nginx"
"2025-04-29 10:52:38","4m30s       Normal    Started                        pod/nginx-app-599cdbddb-bbs5l       Started container nginx"
"2025-04-29 10:52:38","4m30s       Normal    Pulled                         pod/nginx-app-599cdbddb-bbs5l       Successfully pulled image "nginx:latest" in 6.423s (6.423s including waiting). Image size: 72404038 bytes."
"2025-04-29 10:52:38","82s         Warning   FailedGetResourceMetric        horizontalpodautoscaler/nginx-hpa   failed to get cpu utilization: missing request for cpu in container nginx of Pod nginx-app-599cdbddb-bbs5l"
"2025-04-29 10:52:38","97s         Warning   FailedComputeMetricsReplicas   horizontalpodautoscaler/nginx-hpa   invalid metrics (1 invalid out of 1), first error is: failed to get cpu resource metric value: failed to get cpu utilization: missing request for cpu in container nginx of Pod nginx-app-599cdbddb-bbs5l"
"2025-04-29 10:52:48","4m47s       Normal    ScalingReplicaSet              deployment/nginx-app                Scaled up replica set nginx-app-599cdbddb to 1"
"2025-04-29 10:52:48","4m47s       Normal    SuccessfulCreate               replicaset/nginx-app-599cdbddb      Created pod: nginx-app-599cdbddb-bbs5l"
"2025-04-29 10:52:48","4m47s       Normal    Scheduled                      pod/nginx-app-599cdbddb-bbs5l       Successfully assigned default/nginx-app-599cdbddb-bbs5l to worker7"
"2025-04-29 10:52:48","4m47s       Normal    Pulling                        pod/nginx-app-599cdbddb-bbs5l       Pulling image "nginx:latest""
"2025-04-29 10:52:48","4m40s       Normal    Created                        pod/nginx-app-599cdbddb-bbs5l       Created container nginx"
"2025-04-29 10:52:48","4m40s       Normal    Started                        pod/nginx-app-599cdbddb-bbs5l       Started container nginx"
"2025-04-29 10:52:48","4m40s       Normal    Pulled                         pod/nginx-app-599cdbddb-bbs5l       Successfully pulled image "nginx:latest" in 6.423s (6.423s including waiting). Image size: 72404038 bytes."
"2025-04-29 10:52:48","92s         Warning   FailedGetResourceMetric        horizontalpodautoscaler/nginx-hpa   failed to get cpu utilization: missing request for cpu in container nginx of Pod nginx-app-599cdbddb-bbs5l"
"2025-04-29 10:52:48","107s        Warning   FailedComputeMetricsReplicas   horizontalpodautoscaler/nginx-hpa   invalid metrics (1 invalid out of 1), first error is: failed to get cpu resource metric value: failed to get cpu utilization: missing request for cpu in container nginx of Pod nginx-app-599cdbddb-bbs5l"
"2025-04-29 10:52:58","4m57s       Normal    ScalingReplicaSet              deployment/nginx-app                Scaled up replica set nginx-app-599cdbddb to 1"
"2025-04-29 10:52:58","4m57s       Normal    SuccessfulCreate               replicaset/nginx-app-599cdbddb      Created pod: nginx-app-599cdbddb-bbs5l"
"2025-04-29 10:52:58","4m57s       Normal    Scheduled                      pod/nginx-app-599cdbddb-bbs5l       Successfully assigned default/nginx-app-599cdbddb-bbs5l to worker7"
"2025-04-29 10:52:58","4m57s       Normal    Pulling                        pod/nginx-app-599cdbddb-bbs5l       Pulling image "nginx:latest""
"2025-04-29 10:52:58","4m50s       Normal    Created                        pod/nginx-app-599cdbddb-bbs5l       Created container nginx"
"2025-04-29 10:52:58","4m50s       Normal    Started                        pod/nginx-app-599cdbddb-bbs5l       Started container nginx"
"2025-04-29 10:52:58","4m50s       Normal    Pulled                         pod/nginx-app-599cdbddb-bbs5l       Successfully pulled image "nginx:latest" in 6.423s (6.423s including waiting). Image size: 72404038 bytes."
"2025-04-29 10:52:58","102s        Warning   FailedGetResourceMetric        horizontalpodautoscaler/nginx-hpa   failed to get cpu utilization: missing request for cpu in container nginx of Pod nginx-app-599cdbddb-bbs5l"
"2025-04-29 10:52:58","117s        Warning   FailedComputeMetricsReplicas   horizontalpodautoscaler/nginx-hpa   invalid metrics (1 invalid out of 1), first error is: failed to get cpu resource metric value: failed to get cpu utilization: missing request for cpu in container nginx of Pod nginx-app-599cdbddb-bbs5l"
"2025-04-29 10:53:08","5m7s        Normal    ScalingReplicaSet              deployment/nginx-app                Scaled up replica set nginx-app-599cdbddb to 1"
"2025-04-29 10:53:08","5m7s        Normal    SuccessfulCreate               replicaset/nginx-app-599cdbddb      Created pod: nginx-app-599cdbddb-bbs5l"
"2025-04-29 10:53:08","5m7s        Normal    Scheduled                      pod/nginx-app-599cdbddb-bbs5l       Successfully assigned default/nginx-app-599cdbddb-bbs5l to worker7"
"2025-04-29 10:53:08","5m7s        Normal    Pulling                        pod/nginx-app-599cdbddb-bbs5l       Pulling image "nginx:latest""
"2025-04-29 10:53:08","5m          Normal    Created                        pod/nginx-app-599cdbddb-bbs5l       Created container nginx"
"2025-04-29 10:53:08","5m          Normal    Started                        pod/nginx-app-599cdbddb-bbs5l       Started container nginx"
"2025-04-29 10:53:08","5m          Normal    Pulled                         pod/nginx-app-599cdbddb-bbs5l       Successfully pulled image "nginx:latest" in 6.423s (6.423s including waiting). Image size: 72404038 bytes."
"2025-04-29 10:53:08","112s        Warning   FailedGetResourceMetric        horizontalpodautoscaler/nginx-hpa   failed to get cpu utilization: missing request for cpu in container nginx of Pod nginx-app-599cdbddb-bbs5l"
"2025-04-29 10:53:08","2m7s        Warning   FailedComputeMetricsReplicas   horizontalpodautoscaler/nginx-hpa   invalid metrics (1 invalid out of 1), first error is: failed to get cpu resource metric value: failed to get cpu utilization: missing request for cpu in container nginx of Pod nginx-app-599cdbddb-bbs5l"
"2025-04-29 10:53:18","5m17s       Normal    ScalingReplicaSet              deployment/nginx-app                Scaled up replica set nginx-app-599cdbddb to 1"
"2025-04-29 10:53:18","5m17s       Normal    SuccessfulCreate               replicaset/nginx-app-599cdbddb      Created pod: nginx-app-599cdbddb-bbs5l"
"2025-04-29 10:53:18","5m17s       Normal    Scheduled                      pod/nginx-app-599cdbddb-bbs5l       Successfully assigned default/nginx-app-599cdbddb-bbs5l to worker7"
"2025-04-29 10:53:18","5m17s       Normal    Pulling                        pod/nginx-app-599cdbddb-bbs5l       Pulling image "nginx:latest""
"2025-04-29 10:53:18","5m10s       Normal    Created                        pod/nginx-app-599cdbddb-bbs5l       Created container nginx"
"2025-04-29 10:53:18","5m10s       Normal    Started                        pod/nginx-app-599cdbddb-bbs5l       Started container nginx"
"2025-04-29 10:53:18","5m10s       Normal    Pulled                         pod/nginx-app-599cdbddb-bbs5l       Successfully pulled image "nginx:latest" in 6.423s (6.423s including waiting). Image size: 72404038 bytes."
"2025-04-29 10:53:18","2s          Warning   FailedGetResourceMetric        horizontalpodautoscaler/nginx-hpa   failed to get cpu utilization: missing request for cpu in container nginx of Pod nginx-app-599cdbddb-bbs5l"
"2025-04-29 10:53:18","2m17s       Warning   FailedComputeMetricsReplicas   horizontalpodautoscaler/nginx-hpa   invalid metrics (1 invalid out of 1), first error is: failed to get cpu resource metric value: failed to get cpu utilization: missing request for cpu in container nginx of Pod nginx-app-599cdbddb-bbs5l"
"2025-04-29 10:53:28","5m27s       Normal    ScalingReplicaSet              deployment/nginx-app                Scaled up replica set nginx-app-599cdbddb to 1"
"2025-04-29 10:53:28","5m27s       Normal    SuccessfulCreate               replicaset/nginx-app-599cdbddb      Created pod: nginx-app-599cdbddb-bbs5l"
"2025-04-29 10:53:28","5m27s       Normal    Scheduled                      pod/nginx-app-599cdbddb-bbs5l       Successfully assigned default/nginx-app-599cdbddb-bbs5l to worker7"
"2025-04-29 10:53:28","5m27s       Normal    Pulling                        pod/nginx-app-599cdbddb-bbs5l       Pulling image "nginx:latest""
"2025-04-29 10:53:28","5m20s       Normal    Created                        pod/nginx-app-599cdbddb-bbs5l       Created container nginx"
"2025-04-29 10:53:28","5m20s       Normal    Started                        pod/nginx-app-599cdbddb-bbs5l       Started container nginx"
"2025-04-29 10:53:28","5m20s       Normal    Pulled                         pod/nginx-app-599cdbddb-bbs5l       Successfully pulled image "nginx:latest" in 6.423s (6.423s including waiting). Image size: 72404038 bytes."
"2025-04-29 10:53:28","12s         Warning   FailedGetResourceMetric        horizontalpodautoscaler/nginx-hpa   failed to get cpu utilization: missing request for cpu in container nginx of Pod nginx-app-599cdbddb-bbs5l"
"2025-04-29 10:53:28","2m27s       Warning   FailedComputeMetricsReplicas   horizontalpodautoscaler/nginx-hpa   invalid metrics (1 invalid out of 1), first error is: failed to get cpu resource metric value: failed to get cpu utilization: missing request for cpu in container nginx of Pod nginx-app-599cdbddb-bbs5l"
"2025-04-29 10:53:38","5m38s       Normal    ScalingReplicaSet              deployment/nginx-app                Scaled up replica set nginx-app-599cdbddb to 1"
"2025-04-29 10:53:38","5m38s       Normal    SuccessfulCreate               replicaset/nginx-app-599cdbddb      Created pod: nginx-app-599cdbddb-bbs5l"
"2025-04-29 10:53:38","5m37s       Normal    Scheduled                      pod/nginx-app-599cdbddb-bbs5l       Successfully assigned default/nginx-app-599cdbddb-bbs5l to worker7"
"2025-04-29 10:53:38","5m38s       Normal    Pulling                        pod/nginx-app-599cdbddb-bbs5l       Pulling image "nginx:latest""
"2025-04-29 10:53:38","5m31s       Normal    Created                        pod/nginx-app-599cdbddb-bbs5l       Created container nginx"
"2025-04-29 10:53:38","5m31s       Normal    Started                        pod/nginx-app-599cdbddb-bbs5l       Started container nginx"
"2025-04-29 10:53:38","5m31s       Normal    Pulled                         pod/nginx-app-599cdbddb-bbs5l       Successfully pulled image "nginx:latest" in 6.423s (6.423s including waiting). Image size: 72404038 bytes."
"2025-04-29 10:53:38","23s         Warning   FailedGetResourceMetric        horizontalpodautoscaler/nginx-hpa   failed to get cpu utilization: missing request for cpu in container nginx of Pod nginx-app-599cdbddb-bbs5l"
"2025-04-29 10:53:38","2m38s       Warning   FailedComputeMetricsReplicas   horizontalpodautoscaler/nginx-hpa   invalid metrics (1 invalid out of 1), first error is: failed to get cpu resource metric value: failed to get cpu utilization: missing request for cpu in container nginx of Pod nginx-app-599cdbddb-bbs5l"
"2025-04-29 10:53:49","5m48s       Normal    ScalingReplicaSet              deployment/nginx-app                Scaled up replica set nginx-app-599cdbddb to 1"
"2025-04-29 10:53:49","5m48s       Normal    SuccessfulCreate               replicaset/nginx-app-599cdbddb      Created pod: nginx-app-599cdbddb-bbs5l"
"2025-04-29 10:53:49","5m47s       Normal    Scheduled                      pod/nginx-app-599cdbddb-bbs5l       Successfully assigned default/nginx-app-599cdbddb-bbs5l to worker7"
"2025-04-29 10:53:49","5m48s       Normal    Pulling                        pod/nginx-app-599cdbddb-bbs5l       Pulling image "nginx:latest""
"2025-04-29 10:53:49","5m41s       Normal    Created                        pod/nginx-app-599cdbddb-bbs5l       Created container nginx"
"2025-04-29 10:53:49","5m41s       Normal    Started                        pod/nginx-app-599cdbddb-bbs5l       Started container nginx"
"2025-04-29 10:53:49","5m41s       Normal    Pulled                         pod/nginx-app-599cdbddb-bbs5l       Successfully pulled image "nginx:latest" in 6.423s (6.423s including waiting). Image size: 72404038 bytes."
"2025-04-29 10:53:49","33s         Warning   FailedGetResourceMetric        horizontalpodautoscaler/nginx-hpa   failed to get cpu utilization: missing request for cpu in container nginx of Pod nginx-app-599cdbddb-bbs5l"
"2025-04-29 10:53:49","2m48s       Warning   FailedComputeMetricsReplicas   horizontalpodautoscaler/nginx-hpa   invalid metrics (1 invalid out of 1), first error is: failed to get cpu resource metric value: failed to get cpu utilization: missing request for cpu in container nginx of Pod nginx-app-599cdbddb-bbs5l"
"2025-04-29 10:53:59","5m58s       Normal    ScalingReplicaSet              deployment/nginx-app                Scaled up replica set nginx-app-599cdbddb to 1"
"2025-04-29 10:53:59","5m58s       Normal    SuccessfulCreate               replicaset/nginx-app-599cdbddb      Created pod: nginx-app-599cdbddb-bbs5l"
"2025-04-29 10:53:59","5m57s       Normal    Scheduled                      pod/nginx-app-599cdbddb-bbs5l       Successfully assigned default/nginx-app-599cdbddb-bbs5l to worker7"
"2025-04-29 10:53:59","5m58s       Normal    Pulling                        pod/nginx-app-599cdbddb-bbs5l       Pulling image "nginx:latest""
"2025-04-29 10:53:59","5m51s       Normal    Created                        pod/nginx-app-599cdbddb-bbs5l       Created container nginx"
"2025-04-29 10:53:59","5m51s       Normal    Started                        pod/nginx-app-599cdbddb-bbs5l       Started container nginx"
"2025-04-29 10:53:59","5m51s       Normal    Pulled                         pod/nginx-app-599cdbddb-bbs5l       Successfully pulled image "nginx:latest" in 6.423s (6.423s including waiting). Image size: 72404038 bytes."
"2025-04-29 10:53:59","43s         Warning   FailedGetResourceMetric        horizontalpodautoscaler/nginx-hpa   failed to get cpu utilization: missing request for cpu in container nginx of Pod nginx-app-599cdbddb-bbs5l"
"2025-04-29 10:53:59","2m58s       Warning   FailedComputeMetricsReplicas   horizontalpodautoscaler/nginx-hpa   invalid metrics (1 invalid out of 1), first error is: failed to get cpu resource metric value: failed to get cpu utilization: missing request for cpu in container nginx of Pod nginx-app-599cdbddb-bbs5l"
"2025-04-29 10:54:09","6m8s        Normal    ScalingReplicaSet              deployment/nginx-app                Scaled up replica set nginx-app-599cdbddb to 1"
"2025-04-29 10:54:09","6m8s        Normal    SuccessfulCreate               replicaset/nginx-app-599cdbddb      Created pod: nginx-app-599cdbddb-bbs5l"
"2025-04-29 10:54:09","6m7s        Normal    Scheduled                      pod/nginx-app-599cdbddb-bbs5l       Successfully assigned default/nginx-app-599cdbddb-bbs5l to worker7"
"2025-04-29 10:54:09","6m8s        Normal    Pulling                        pod/nginx-app-599cdbddb-bbs5l       Pulling image "nginx:latest""
"2025-04-29 10:54:09","6m1s        Normal    Created                        pod/nginx-app-599cdbddb-bbs5l       Created container nginx"
"2025-04-29 10:54:09","6m1s        Normal    Started                        pod/nginx-app-599cdbddb-bbs5l       Started container nginx"
"2025-04-29 10:54:09","6m1s        Normal    Pulled                         pod/nginx-app-599cdbddb-bbs5l       Successfully pulled image "nginx:latest" in 6.423s (6.423s including waiting). Image size: 72404038 bytes."
"2025-04-29 10:54:09","53s         Warning   FailedGetResourceMetric        horizontalpodautoscaler/nginx-hpa   failed to get cpu utilization: missing request for cpu in container nginx of Pod nginx-app-599cdbddb-bbs5l"
"2025-04-29 10:54:09","3m8s        Warning   FailedComputeMetricsReplicas   horizontalpodautoscaler/nginx-hpa   invalid metrics (1 invalid out of 1), first error is: failed to get cpu resource metric value: failed to get cpu utilization: missing request for cpu in container nginx of Pod nginx-app-599cdbddb-bbs5l"
"2025-04-29 10:54:19","6m18s       Normal    ScalingReplicaSet              deployment/nginx-app                Scaled up replica set nginx-app-599cdbddb to 1"
"2025-04-29 10:54:19","6m18s       Normal    SuccessfulCreate               replicaset/nginx-app-599cdbddb      Created pod: nginx-app-599cdbddb-bbs5l"
"2025-04-29 10:54:19","6m17s       Normal    Scheduled                      pod/nginx-app-599cdbddb-bbs5l       Successfully assigned default/nginx-app-599cdbddb-bbs5l to worker7"
"2025-04-29 10:54:19","6m18s       Normal    Pulling                        pod/nginx-app-599cdbddb-bbs5l       Pulling image "nginx:latest""
"2025-04-29 10:54:19","6m11s       Normal    Created                        pod/nginx-app-599cdbddb-bbs5l       Created container nginx"
"2025-04-29 10:54:19","6m11s       Normal    Started                        pod/nginx-app-599cdbddb-bbs5l       Started container nginx"
"2025-04-29 10:54:19","6m11s       Normal    Pulled                         pod/nginx-app-599cdbddb-bbs5l       Successfully pulled image "nginx:latest" in 6.423s (6.423s including waiting). Image size: 72404038 bytes."
"2025-04-29 10:54:19","63s         Warning   FailedGetResourceMetric        horizontalpodautoscaler/nginx-hpa   failed to get cpu utilization: missing request for cpu in container nginx of Pod nginx-app-599cdbddb-bbs5l"
"2025-04-29 10:54:19","3m18s       Warning   FailedComputeMetricsReplicas   horizontalpodautoscaler/nginx-hpa   invalid metrics (1 invalid out of 1), first error is: failed to get cpu resource metric value: failed to get cpu utilization: missing request for cpu in container nginx of Pod nginx-app-599cdbddb-bbs5l"
"2025-04-29 10:54:29","6m28s       Normal    ScalingReplicaSet              deployment/nginx-app                Scaled up replica set nginx-app-599cdbddb to 1"
"2025-04-29 10:54:29","6m28s       Normal    SuccessfulCreate               replicaset/nginx-app-599cdbddb      Created pod: nginx-app-599cdbddb-bbs5l"
"2025-04-29 10:54:29","6m27s       Normal    Scheduled                      pod/nginx-app-599cdbddb-bbs5l       Successfully assigned default/nginx-app-599cdbddb-bbs5l to worker7"
"2025-04-29 10:54:29","6m28s       Normal    Pulling                        pod/nginx-app-599cdbddb-bbs5l       Pulling image "nginx:latest""
"2025-04-29 10:54:29","6m21s       Normal    Created                        pod/nginx-app-599cdbddb-bbs5l       Created container nginx"
"2025-04-29 10:54:29","6m21s       Normal    Started                        pod/nginx-app-599cdbddb-bbs5l       Started container nginx"
"2025-04-29 10:54:29","6m21s       Normal    Pulled                         pod/nginx-app-599cdbddb-bbs5l       Successfully pulled image "nginx:latest" in 6.423s (6.423s including waiting). Image size: 72404038 bytes."
"2025-04-29 10:54:29","73s         Warning   FailedGetResourceMetric        horizontalpodautoscaler/nginx-hpa   failed to get cpu utilization: missing request for cpu in container nginx of Pod nginx-app-599cdbddb-bbs5l"
"2025-04-29 10:54:29","3m28s       Warning   FailedComputeMetricsReplicas   horizontalpodautoscaler/nginx-hpa   invalid metrics (1 invalid out of 1), first error is: failed to get cpu resource metric value: failed to get cpu utilization: missing request for cpu in container nginx of Pod nginx-app-599cdbddb-bbs5l"
"2025-04-29 10:54:39","6m38s       Normal    ScalingReplicaSet              deployment/nginx-app                Scaled up replica set nginx-app-599cdbddb to 1"
"2025-04-29 10:54:39","6m38s       Normal    SuccessfulCreate               replicaset/nginx-app-599cdbddb      Created pod: nginx-app-599cdbddb-bbs5l"
"2025-04-29 10:54:39","6m37s       Normal    Scheduled                      pod/nginx-app-599cdbddb-bbs5l       Successfully assigned default/nginx-app-599cdbddb-bbs5l to worker7"
"2025-04-29 10:54:39","6m38s       Normal    Pulling                        pod/nginx-app-599cdbddb-bbs5l       Pulling image "nginx:latest""
"2025-04-29 10:54:39","6m31s       Normal    Created                        pod/nginx-app-599cdbddb-bbs5l       Created container nginx"
"2025-04-29 10:54:39","6m31s       Normal    Started                        pod/nginx-app-599cdbddb-bbs5l       Started container nginx"
"2025-04-29 10:54:39","6m31s       Normal    Pulled                         pod/nginx-app-599cdbddb-bbs5l       Successfully pulled image "nginx:latest" in 6.423s (6.423s including waiting). Image size: 72404038 bytes."
"2025-04-29 10:54:39","83s         Warning   FailedGetResourceMetric        horizontalpodautoscaler/nginx-hpa   failed to get cpu utilization: missing request for cpu in container nginx of Pod nginx-app-599cdbddb-bbs5l"
"2025-04-29 10:54:39","3m38s       Warning   FailedComputeMetricsReplicas   horizontalpodautoscaler/nginx-hpa   invalid metrics (1 invalid out of 1), first error is: failed to get cpu resource metric value: failed to get cpu utilization: missing request for cpu in container nginx of Pod nginx-app-599cdbddb-bbs5l"
"2025-04-29 10:54:49","6m48s       Normal    ScalingReplicaSet              deployment/nginx-app                Scaled up replica set nginx-app-599cdbddb to 1"
"2025-04-29 10:54:49","6m48s       Normal    SuccessfulCreate               replicaset/nginx-app-599cdbddb      Created pod: nginx-app-599cdbddb-bbs5l"
"2025-04-29 10:54:49","6m47s       Normal    Scheduled                      pod/nginx-app-599cdbddb-bbs5l       Successfully assigned default/nginx-app-599cdbddb-bbs5l to worker7"
"2025-04-29 10:54:49","6m48s       Normal    Pulling                        pod/nginx-app-599cdbddb-bbs5l       Pulling image "nginx:latest""
"2025-04-29 10:54:49","6m41s       Normal    Created                        pod/nginx-app-599cdbddb-bbs5l       Created container nginx"
"2025-04-29 10:54:49","6m41s       Normal    Started                        pod/nginx-app-599cdbddb-bbs5l       Started container nginx"
"2025-04-29 10:54:49","6m41s       Normal    Pulled                         pod/nginx-app-599cdbddb-bbs5l       Successfully pulled image "nginx:latest" in 6.423s (6.423s including waiting). Image size: 72404038 bytes."
"2025-04-29 10:54:49","93s         Warning   FailedGetResourceMetric        horizontalpodautoscaler/nginx-hpa   failed to get cpu utilization: missing request for cpu in container nginx of Pod nginx-app-599cdbddb-bbs5l"
"2025-04-29 10:54:49","3m48s       Warning   FailedComputeMetricsReplicas   horizontalpodautoscaler/nginx-hpa   invalid metrics (1 invalid out of 1), first error is: failed to get cpu resource metric value: failed to get cpu utilization: missing request for cpu in container nginx of Pod nginx-app-599cdbddb-bbs5l"
"2025-04-29 10:54:59","6m58s       Normal    ScalingReplicaSet              deployment/nginx-app                Scaled up replica set nginx-app-599cdbddb to 1"
"2025-04-29 10:54:59","6m58s       Normal    SuccessfulCreate               replicaset/nginx-app-599cdbddb      Created pod: nginx-app-599cdbddb-bbs5l"
"2025-04-29 10:54:59","6m57s       Normal    Scheduled                      pod/nginx-app-599cdbddb-bbs5l       Successfully assigned default/nginx-app-599cdbddb-bbs5l to worker7"
"2025-04-29 10:54:59","6m58s       Normal    Pulling                        pod/nginx-app-599cdbddb-bbs5l       Pulling image "nginx:latest""
"2025-04-29 10:54:59","6m51s       Normal    Created                        pod/nginx-app-599cdbddb-bbs5l       Created container nginx"
"2025-04-29 10:54:59","6m51s       Normal    Started                        pod/nginx-app-599cdbddb-bbs5l       Started container nginx"
"2025-04-29 10:54:59","6m51s       Normal    Pulled                         pod/nginx-app-599cdbddb-bbs5l       Successfully pulled image "nginx:latest" in 6.423s (6.423s including waiting). Image size: 72404038 bytes."
"2025-04-29 10:54:59","103s        Warning   FailedGetResourceMetric        horizontalpodautoscaler/nginx-hpa   failed to get cpu utilization: missing request for cpu in container nginx of Pod nginx-app-599cdbddb-bbs5l"
"2025-04-29 10:54:59","3m58s       Warning   FailedComputeMetricsReplicas   horizontalpodautoscaler/nginx-hpa   invalid metrics (1 invalid out of 1), first error is: failed to get cpu resource metric value: failed to get cpu utilization: missing request for cpu in container nginx of Pod nginx-app-599cdbddb-bbs5l"
"2025-04-29 10:55:09","7m8s        Normal    ScalingReplicaSet              deployment/nginx-app                Scaled up replica set nginx-app-599cdbddb to 1"
"2025-04-29 10:55:09","7m8s        Normal    SuccessfulCreate               replicaset/nginx-app-599cdbddb      Created pod: nginx-app-599cdbddb-bbs5l"
"2025-04-29 10:55:09","7m7s        Normal    Scheduled                      pod/nginx-app-599cdbddb-bbs5l       Successfully assigned default/nginx-app-599cdbddb-bbs5l to worker7"
"2025-04-29 10:55:09","7m8s        Normal    Pulling                        pod/nginx-app-599cdbddb-bbs5l       Pulling image "nginx:latest""
"2025-04-29 10:55:09","7m1s        Normal    Created                        pod/nginx-app-599cdbddb-bbs5l       Created container nginx"
"2025-04-29 10:55:09","7m1s        Normal    Started                        pod/nginx-app-599cdbddb-bbs5l       Started container nginx"
"2025-04-29 10:55:09","7m1s        Normal    Pulled                         pod/nginx-app-599cdbddb-bbs5l       Successfully pulled image "nginx:latest" in 6.423s (6.423s including waiting). Image size: 72404038 bytes."
"2025-04-29 10:55:09","113s        Warning   FailedGetResourceMetric        horizontalpodautoscaler/nginx-hpa   failed to get cpu utilization: missing request for cpu in container nginx of Pod nginx-app-599cdbddb-bbs5l"
"2025-04-29 10:55:09","4m8s        Warning   FailedComputeMetricsReplicas   horizontalpodautoscaler/nginx-hpa   invalid metrics (1 invalid out of 1), first error is: failed to get cpu resource metric value: failed to get cpu utilization: missing request for cpu in container nginx of Pod nginx-app-599cdbddb-bbs5l"
"2025-04-29 10:55:19","7m18s       Normal    ScalingReplicaSet              deployment/nginx-app                Scaled up replica set nginx-app-599cdbddb to 1"
"2025-04-29 10:55:19","7m18s       Normal    SuccessfulCreate               replicaset/nginx-app-599cdbddb      Created pod: nginx-app-599cdbddb-bbs5l"
"2025-04-29 10:55:19","7m18s       Normal    Scheduled                      pod/nginx-app-599cdbddb-bbs5l       Successfully assigned default/nginx-app-599cdbddb-bbs5l to worker7"
"2025-04-29 10:55:19","7m18s       Normal    Pulling                        pod/nginx-app-599cdbddb-bbs5l       Pulling image "nginx:latest""
"2025-04-29 10:55:19","7m11s       Normal    Created                        pod/nginx-app-599cdbddb-bbs5l       Created container nginx"
"2025-04-29 10:55:19","7m11s       Normal    Started                        pod/nginx-app-599cdbddb-bbs5l       Started container nginx"
"2025-04-29 10:55:19","7m11s       Normal    Pulled                         pod/nginx-app-599cdbddb-bbs5l       Successfully pulled image "nginx:latest" in 6.423s (6.423s including waiting). Image size: 72404038 bytes."
"2025-04-29 10:55:19","2m3s        Warning   FailedGetResourceMetric        horizontalpodautoscaler/nginx-hpa   failed to get cpu utilization: missing request for cpu in container nginx of Pod nginx-app-599cdbddb-bbs5l"
"2025-04-29 10:55:19","4m18s       Warning   FailedComputeMetricsReplicas   horizontalpodautoscaler/nginx-hpa   invalid metrics (1 invalid out of 1), first error is: failed to get cpu resource metric value: failed to get cpu utilization: missing request for cpu in container nginx of Pod nginx-app-599cdbddb-bbs5l"
"2025-04-29 10:55:29","7m28s       Normal    ScalingReplicaSet              deployment/nginx-app                Scaled up replica set nginx-app-599cdbddb to 1"
"2025-04-29 10:55:29","7m28s       Normal    SuccessfulCreate               replicaset/nginx-app-599cdbddb      Created pod: nginx-app-599cdbddb-bbs5l"
"2025-04-29 10:55:29","7m28s       Normal    Scheduled                      pod/nginx-app-599cdbddb-bbs5l       Successfully assigned default/nginx-app-599cdbddb-bbs5l to worker7"
"2025-04-29 10:55:29","7m28s       Normal    Pulling                        pod/nginx-app-599cdbddb-bbs5l       Pulling image "nginx:latest""
"2025-04-29 10:55:29","7m21s       Normal    Created                        pod/nginx-app-599cdbddb-bbs5l       Created container nginx"
"2025-04-29 10:55:29","7m21s       Normal    Started                        pod/nginx-app-599cdbddb-bbs5l       Started container nginx"
"2025-04-29 10:55:29","7m21s       Normal    Pulled                         pod/nginx-app-599cdbddb-bbs5l       Successfully pulled image "nginx:latest" in 6.423s (6.423s including waiting). Image size: 72404038 bytes."
"2025-04-29 10:55:29","2m13s       Warning   FailedGetResourceMetric        horizontalpodautoscaler/nginx-hpa   failed to get cpu utilization: missing request for cpu in container nginx of Pod nginx-app-599cdbddb-bbs5l"
"2025-04-29 10:55:29","4m28s       Warning   FailedComputeMetricsReplicas   horizontalpodautoscaler/nginx-hpa   invalid metrics (1 invalid out of 1), first error is: failed to get cpu resource metric value: failed to get cpu utilization: missing request for cpu in container nginx of Pod nginx-app-599cdbddb-bbs5l"
"2025-04-29 10:55:39","7m38s       Normal    ScalingReplicaSet              deployment/nginx-app                Scaled up replica set nginx-app-599cdbddb to 1"
"2025-04-29 10:55:39","7m38s       Normal    SuccessfulCreate               replicaset/nginx-app-599cdbddb      Created pod: nginx-app-599cdbddb-bbs5l"
"2025-04-29 10:55:39","7m38s       Normal    Scheduled                      pod/nginx-app-599cdbddb-bbs5l       Successfully assigned default/nginx-app-599cdbddb-bbs5l to worker7"
"2025-04-29 10:55:39","7m38s       Normal    Pulling                        pod/nginx-app-599cdbddb-bbs5l       Pulling image "nginx:latest""
"2025-04-29 10:55:39","7m31s       Normal    Created                        pod/nginx-app-599cdbddb-bbs5l       Created container nginx"
"2025-04-29 10:55:39","7m31s       Normal    Started                        pod/nginx-app-599cdbddb-bbs5l       Started container nginx"
"2025-04-29 10:55:39","7m31s       Normal    Pulled                         pod/nginx-app-599cdbddb-bbs5l       Successfully pulled image "nginx:latest" in 6.423s (6.423s including waiting). Image size: 72404038 bytes."
"2025-04-29 10:55:39","2m23s       Warning   FailedGetResourceMetric        horizontalpodautoscaler/nginx-hpa   failed to get cpu utilization: missing request for cpu in container nginx of Pod nginx-app-599cdbddb-bbs5l"
"2025-04-29 10:55:39","4m38s       Warning   FailedComputeMetricsReplicas   horizontalpodautoscaler/nginx-hpa   invalid metrics (1 invalid out of 1), first error is: failed to get cpu resource metric value: failed to get cpu utilization: missing request for cpu in container nginx of Pod nginx-app-599cdbddb-bbs5l"
"2025-04-29 10:55:49","7m48s       Normal    ScalingReplicaSet              deployment/nginx-app                Scaled up replica set nginx-app-599cdbddb to 1"
"2025-04-29 10:55:49","7m48s       Normal    SuccessfulCreate               replicaset/nginx-app-599cdbddb      Created pod: nginx-app-599cdbddb-bbs5l"
"2025-04-29 10:55:49","7m48s       Normal    Scheduled                      pod/nginx-app-599cdbddb-bbs5l       Successfully assigned default/nginx-app-599cdbddb-bbs5l to worker7"
"2025-04-29 10:55:49","7m48s       Normal    Pulling                        pod/nginx-app-599cdbddb-bbs5l       Pulling image "nginx:latest""
"2025-04-29 10:55:49","7m41s       Normal    Created                        pod/nginx-app-599cdbddb-bbs5l       Created container nginx"
"2025-04-29 10:55:49","7m41s       Normal    Started                        pod/nginx-app-599cdbddb-bbs5l       Started container nginx"
"2025-04-29 10:55:49","7m41s       Normal    Pulled                         pod/nginx-app-599cdbddb-bbs5l       Successfully pulled image "nginx:latest" in 6.423s (6.423s including waiting). Image size: 72404038 bytes."
"2025-04-29 10:55:49","2m33s       Warning   FailedGetResourceMetric        horizontalpodautoscaler/nginx-hpa   failed to get cpu utilization: missing request for cpu in container nginx of Pod nginx-app-599cdbddb-bbs5l"
"2025-04-29 10:55:49","4m48s       Warning   FailedComputeMetricsReplicas   horizontalpodautoscaler/nginx-hpa   invalid metrics (1 invalid out of 1), first error is: failed to get cpu resource metric value: failed to get cpu utilization: missing request for cpu in container nginx of Pod nginx-app-599cdbddb-bbs5l"
"2025-04-29 10:55:59","7m58s       Normal    ScalingReplicaSet              deployment/nginx-app                Scaled up replica set nginx-app-599cdbddb to 1"
"2025-04-29 10:55:59","7m58s       Normal    SuccessfulCreate               replicaset/nginx-app-599cdbddb      Created pod: nginx-app-599cdbddb-bbs5l"
"2025-04-29 10:55:59","7m58s       Normal    Scheduled                      pod/nginx-app-599cdbddb-bbs5l       Successfully assigned default/nginx-app-599cdbddb-bbs5l to worker7"
"2025-04-29 10:55:59","7m58s       Normal    Pulling                        pod/nginx-app-599cdbddb-bbs5l       Pulling image "nginx:latest""
"2025-04-29 10:55:59","7m51s       Normal    Created                        pod/nginx-app-599cdbddb-bbs5l       Created container nginx"
"2025-04-29 10:55:59","7m51s       Normal    Started                        pod/nginx-app-599cdbddb-bbs5l       Started container nginx"
"2025-04-29 10:55:59","7m51s       Normal    Pulled                         pod/nginx-app-599cdbddb-bbs5l       Successfully pulled image "nginx:latest" in 6.423s (6.423s including waiting). Image size: 72404038 bytes."
"2025-04-29 10:55:59","2m43s       Warning   FailedGetResourceMetric        horizontalpodautoscaler/nginx-hpa   failed to get cpu utilization: missing request for cpu in container nginx of Pod nginx-app-599cdbddb-bbs5l"
"2025-04-29 10:55:59","4m58s       Warning   FailedComputeMetricsReplicas   horizontalpodautoscaler/nginx-hpa   invalid metrics (1 invalid out of 1), first error is: failed to get cpu resource metric value: failed to get cpu utilization: missing request for cpu in container nginx of Pod nginx-app-599cdbddb-bbs5l"
