timestamp,scaling_direction,message
"2025-04-01 11:18:37","scaleup","38m         Normal    ScalingReplicaSet              deployment/nginx-basic                    Scaled up replica set nginx-basic-76dd66bf4f to 1"
"2025-04-01 11:18:37","scaleup","34m         Normal    ScalingReplicaSet              deployment/nginx-basic                    Scaled up replica set nginx-basic-76dd66bf4f to 2 from 1"
"2025-04-01 11:18:37","scaleup","12m         Normal    ScalingReplicaSet              deployment/nginx-basic                    Scaled up replica set nginx-basic-76dd66bf4f to 1"
"2025-04-01 11:18:37","scaleup","9m10s       Normal    ScalingReplicaSet              deployment/nginx-basic                    Scaled up replica set nginx-basic-76dd66bf4f to 2 from 1"
"2025-04-01 11:18:37","scaleup","23s         Normal    ScalingReplicaSet              deployment/nginx-basic                    Scaled up replica set nginx-basic-76dd66bf4f to 1"
"2025-04-01 11:18:47","scaleup","38m         Normal    ScalingReplicaSet              deployment/nginx-basic                    Scaled up replica set nginx-basic-76dd66bf4f to 1"
"2025-04-01 11:18:47","scaleup","34m         Normal    ScalingReplicaSet              deployment/nginx-basic                    Scaled up replica set nginx-basic-76dd66bf4f to 2 from 1"
"2025-04-01 11:18:47","scaleup","12m         Normal    ScalingReplicaSet              deployment/nginx-basic                    Scaled up replica set nginx-basic-76dd66bf4f to 1"
"2025-04-01 11:18:47","scaleup","9m20s       Normal    ScalingReplicaSet              deployment/nginx-basic                    Scaled up replica set nginx-basic-76dd66bf4f to 2 from 1"
"2025-04-01 11:18:47","scaleup","33s         Normal    ScalingReplicaSet              deployment/nginx-basic                    Scaled up replica set nginx-basic-76dd66bf4f to 1"
"2025-04-01 11:18:57","scaleup","38m         Normal    ScalingReplicaSet              deployment/nginx-basic                    Scaled up replica set nginx-basic-76dd66bf4f to 1"
"2025-04-01 11:18:57","scaleup","35m         Normal    ScalingReplicaSet              deployment/nginx-basic                    Scaled up replica set nginx-basic-76dd66bf4f to 2 from 1"
"2025-04-01 11:18:57","scaleup","12m         Normal    ScalingReplicaSet              deployment/nginx-basic                    Scaled up replica set nginx-basic-76dd66bf4f to 1"
"2025-04-01 11:18:57","scaleup","9m30s       Normal    ScalingReplicaSet              deployment/nginx-basic                    Scaled up replica set nginx-basic-76dd66bf4f to 2 from 1"
"2025-04-01 11:18:57","scaleup","43s         Normal    ScalingReplicaSet              deployment/nginx-basic                    Scaled up replica set nginx-basic-76dd66bf4f to 1"
"2025-04-01 11:19:07","scaleup","38m         Normal    ScalingReplicaSet              deployment/nginx-basic                    Scaled up replica set nginx-basic-76dd66bf4f to 1"
"2025-04-01 11:19:07","scaleup","35m         Normal    ScalingReplicaSet              deployment/nginx-basic                    Scaled up replica set nginx-basic-76dd66bf4f to 2 from 1"
"2025-04-01 11:19:07","scaleup","12m         Normal    ScalingReplicaSet              deployment/nginx-basic                    Scaled up replica set nginx-basic-76dd66bf4f to 1"
"2025-04-01 11:19:07","scaleup","9m40s       Normal    ScalingReplicaSet              deployment/nginx-basic                    Scaled up replica set nginx-basic-76dd66bf4f to 2 from 1"
"2025-04-01 11:19:07","scaleup","53s         Normal    ScalingReplicaSet              deployment/nginx-basic                    Scaled up replica set nginx-basic-76dd66bf4f to 1"
"2025-04-01 11:19:17","scaleup","38m         Normal    ScalingReplicaSet              deployment/nginx-basic                    Scaled up replica set nginx-basic-76dd66bf4f to 1"
"2025-04-01 11:19:17","scaleup","35m         Normal    ScalingReplicaSet              deployment/nginx-basic                    Scaled up replica set nginx-basic-76dd66bf4f to 2 from 1"
"2025-04-01 11:19:17","scaleup","12m         Normal    ScalingReplicaSet              deployment/nginx-basic                    Scaled up replica set nginx-basic-76dd66bf4f to 1"
"2025-04-01 11:19:17","scaleup","9m50s       Normal    ScalingReplicaSet              deployment/nginx-basic                    Scaled up replica set nginx-basic-76dd66bf4f to 2 from 1"
"2025-04-01 11:19:17","scaleup","63s         Normal    ScalingReplicaSet              deployment/nginx-basic                    Scaled up replica set nginx-basic-76dd66bf4f to 1"
"2025-04-01 11:19:27","scaleup","38m         Normal    ScalingReplicaSet              deployment/nginx-basic                    Scaled up replica set nginx-basic-76dd66bf4f to 1"
"2025-04-01 11:19:27","scaleup","35m         Normal    ScalingReplicaSet              deployment/nginx-basic                    Scaled up replica set nginx-basic-76dd66bf4f to 2 from 1"
"2025-04-01 11:19:27","scaleup","13m         Normal    ScalingReplicaSet              deployment/nginx-basic                    Scaled up replica set nginx-basic-76dd66bf4f to 1"
"2025-04-01 11:19:27","scaleup","10m         Normal    ScalingReplicaSet              deployment/nginx-basic                    Scaled up replica set nginx-basic-76dd66bf4f to 2 from 1"
"2025-04-01 11:19:27","scaleup","73s         Normal    ScalingReplicaSet              deployment/nginx-basic                    Scaled up replica set nginx-basic-76dd66bf4f to 1"
"2025-04-01 11:19:37","scaleup","39m         Normal    ScalingReplicaSet              deployment/nginx-basic                    Scaled up replica set nginx-basic-76dd66bf4f to 1"
"2025-04-01 11:19:37","scaleup","35m         Normal    ScalingReplicaSet              deployment/nginx-basic                    Scaled up replica set nginx-basic-76dd66bf4f to 2 from 1"
"2025-04-01 11:19:37","scaleup","13m         Normal    ScalingReplicaSet              deployment/nginx-basic                    Scaled up replica set nginx-basic-76dd66bf4f to 1"
"2025-04-01 11:19:37","scaleup","10m         Normal    ScalingReplicaSet              deployment/nginx-basic                    Scaled up replica set nginx-basic-76dd66bf4f to 2 from 1"
"2025-04-01 11:19:37","scaleup","83s         Normal    ScalingReplicaSet              deployment/nginx-basic                    Scaled up replica set nginx-basic-76dd66bf4f to 1"
"2025-04-01 11:19:47","scaleup","39m         Normal    ScalingReplicaSet              deployment/nginx-basic                    Scaled up replica set nginx-basic-76dd66bf4f to 1"
"2025-04-01 11:19:47","scaleup","35m         Normal    ScalingReplicaSet              deployment/nginx-basic                    Scaled up replica set nginx-basic-76dd66bf4f to 2 from 1"
"2025-04-01 11:19:47","scaleup","13m         Normal    ScalingReplicaSet              deployment/nginx-basic                    Scaled up replica set nginx-basic-76dd66bf4f to 1"
"2025-04-01 11:19:47","scaleup","10m         Normal    ScalingReplicaSet              deployment/nginx-basic                    Scaled up replica set nginx-basic-76dd66bf4f to 2 from 1"
"2025-04-01 11:19:47","scaleup","93s         Normal    ScalingReplicaSet              deployment/nginx-basic                    Scaled up replica set nginx-basic-76dd66bf4f to 1"
"2025-04-01 11:19:57","scaleup","39m         Normal    ScalingReplicaSet              deployment/nginx-basic                    Scaled up replica set nginx-basic-76dd66bf4f to 1"
"2025-04-01 11:19:57","scaleup","36m         Normal    ScalingReplicaSet              deployment/nginx-basic                    Scaled up replica set nginx-basic-76dd66bf4f to 2 from 1"
"2025-04-01 11:19:57","scaleup","13m         Normal    ScalingReplicaSet              deployment/nginx-basic                    Scaled up replica set nginx-basic-76dd66bf4f to 1"
"2025-04-01 11:19:57","scaleup","10m         Normal    ScalingReplicaSet              deployment/nginx-basic                    Scaled up replica set nginx-basic-76dd66bf4f to 2 from 1"
"2025-04-01 11:19:57","scaleup","103s        Normal    ScalingReplicaSet              deployment/nginx-basic                    Scaled up replica set nginx-basic-76dd66bf4f to 1"
"2025-04-01 11:20:07","scaleup","39m         Normal    ScalingReplicaSet              deployment/nginx-basic                    Scaled up replica set nginx-basic-76dd66bf4f to 1"
"2025-04-01 11:20:07","scaleup","36m         Normal    ScalingReplicaSet              deployment/nginx-basic                    Scaled up replica set nginx-basic-76dd66bf4f to 2 from 1"
"2025-04-01 11:20:07","scaleup","13m         Normal    ScalingReplicaSet              deployment/nginx-basic                    Scaled up replica set nginx-basic-76dd66bf4f to 1"
"2025-04-01 11:20:07","scaleup","10m         Normal    ScalingReplicaSet              deployment/nginx-basic                    Scaled up replica set nginx-basic-76dd66bf4f to 2 from 1"
"2025-04-01 11:20:07","scaleup","113s        Normal    ScalingReplicaSet              deployment/nginx-basic                    Scaled up replica set nginx-basic-76dd66bf4f to 1"
"2025-04-01 11:20:17","scaleup","39m         Normal    ScalingReplicaSet              deployment/nginx-basic                    Scaled up replica set nginx-basic-76dd66bf4f to 1"
"2025-04-01 11:20:17","scaleup","36m         Normal    ScalingReplicaSet              deployment/nginx-basic                    Scaled up replica set nginx-basic-76dd66bf4f to 2 from 1"
"2025-04-01 11:20:17","scaleup","13m         Normal    ScalingReplicaSet              deployment/nginx-basic                    Scaled up replica set nginx-basic-76dd66bf4f to 1"
"2025-04-01 11:20:17","scaleup","10m         Normal    ScalingReplicaSet              deployment/nginx-basic                    Scaled up replica set nginx-basic-76dd66bf4f to 2 from 1"
"2025-04-01 11:20:17","scaleup","2m3s        Normal    ScalingReplicaSet              deployment/nginx-basic                    Scaled up replica set nginx-basic-76dd66bf4f to 1"
"2025-04-01 11:20:27","scaleup","39m         Normal    ScalingReplicaSet              deployment/nginx-basic                    Scaled up replica set nginx-basic-76dd66bf4f to 1"
"2025-04-01 11:20:27","scaleup","36m         Normal    ScalingReplicaSet              deployment/nginx-basic                    Scaled up replica set nginx-basic-76dd66bf4f to 2 from 1"
"2025-04-01 11:20:27","scaleup","14m         Normal    ScalingReplicaSet              deployment/nginx-basic                    Scaled up replica set nginx-basic-76dd66bf4f to 1"
"2025-04-01 11:20:27","scaleup","11m         Normal    ScalingReplicaSet              deployment/nginx-basic                    Scaled up replica set nginx-basic-76dd66bf4f to 2 from 1"
"2025-04-01 11:20:27","scaleup","2m14s       Normal    ScalingReplicaSet              deployment/nginx-basic                    Scaled up replica set nginx-basic-76dd66bf4f to 1"
"2025-04-01 11:20:38","scaleup","40m         Normal    ScalingReplicaSet              deployment/nginx-basic                    Scaled up replica set nginx-basic-76dd66bf4f to 1"
"2025-04-01 11:20:38","scaleup","36m         Normal    ScalingReplicaSet              deployment/nginx-basic                    Scaled up replica set nginx-basic-76dd66bf4f to 2 from 1"
"2025-04-01 11:20:38","scaleup","14m         Normal    ScalingReplicaSet              deployment/nginx-basic                    Scaled up replica set nginx-basic-76dd66bf4f to 1"
"2025-04-01 11:20:38","scaleup","11m         Normal    ScalingReplicaSet              deployment/nginx-basic                    Scaled up replica set nginx-basic-76dd66bf4f to 2 from 1"
"2025-04-01 11:20:38","scaleup","2m24s       Normal    ScalingReplicaSet              deployment/nginx-basic                    Scaled up replica set nginx-basic-76dd66bf4f to 1"
"2025-04-01 11:20:48","scaleup","40m         Normal    ScalingReplicaSet              deployment/nginx-basic                    Scaled up replica set nginx-basic-76dd66bf4f to 1"
"2025-04-01 11:20:48","scaleup","36m         Normal    ScalingReplicaSet              deployment/nginx-basic                    Scaled up replica set nginx-basic-76dd66bf4f to 2 from 1"
"2025-04-01 11:20:48","scaleup","14m         Normal    ScalingReplicaSet              deployment/nginx-basic                    Scaled up replica set nginx-basic-76dd66bf4f to 1"
"2025-04-01 11:20:48","scaleup","11m         Normal    ScalingReplicaSet              deployment/nginx-basic                    Scaled up replica set nginx-basic-76dd66bf4f to 2 from 1"
"2025-04-01 11:20:48","scaleup","2m34s       Normal    ScalingReplicaSet              deployment/nginx-basic                    Scaled up replica set nginx-basic-76dd66bf4f to 1"
"2025-04-01 11:20:58","scaleup","40m         Normal    ScalingReplicaSet              deployment/nginx-basic                    Scaled up replica set nginx-basic-76dd66bf4f to 1"
"2025-04-01 11:20:58","scaleup","37m         Normal    ScalingReplicaSet              deployment/nginx-basic                    Scaled up replica set nginx-basic-76dd66bf4f to 2 from 1"
"2025-04-01 11:20:58","scaleup","14m         Normal    ScalingReplicaSet              deployment/nginx-basic                    Scaled up replica set nginx-basic-76dd66bf4f to 1"
"2025-04-01 11:20:58","scaleup","11m         Normal    ScalingReplicaSet              deployment/nginx-basic                    Scaled up replica set nginx-basic-76dd66bf4f to 2 from 1"
"2025-04-01 11:20:58","scaleup","2m44s       Normal    ScalingReplicaSet              deployment/nginx-basic                    Scaled up replica set nginx-basic-76dd66bf4f to 1"
"2025-04-01 11:21:08","scaleup","40m         Normal    ScalingReplicaSet              deployment/nginx-basic                    Scaled up replica set nginx-basic-76dd66bf4f to 1"
"2025-04-01 11:21:08","scaleup","37m         Normal    ScalingReplicaSet              deployment/nginx-basic                    Scaled up replica set nginx-basic-76dd66bf4f to 2 from 1"
"2025-04-01 11:21:08","scaleup","14m         Normal    ScalingReplicaSet              deployment/nginx-basic                    Scaled up replica set nginx-basic-76dd66bf4f to 1"
"2025-04-01 11:21:08","scaleup","11m         Normal    ScalingReplicaSet              deployment/nginx-basic                    Scaled up replica set nginx-basic-76dd66bf4f to 2 from 1"
"2025-04-01 11:21:08","scaleup","2m54s       Normal    ScalingReplicaSet              deployment/nginx-basic                    Scaled up replica set nginx-basic-76dd66bf4f to 1"
"2025-04-01 11:21:08","scaleup","9s          Normal    ScalingReplicaSet              deployment/nginx-basic                    Scaled up replica set nginx-basic-76dd66bf4f to 2 from 1"
"2025-04-01 11:21:18","scaleup","40m         Normal    ScalingReplicaSet              deployment/nginx-basic                    Scaled up replica set nginx-basic-76dd66bf4f to 1"
"2025-04-01 11:21:18","scaleup","37m         Normal    ScalingReplicaSet              deployment/nginx-basic                    Scaled up replica set nginx-basic-76dd66bf4f to 2 from 1"
"2025-04-01 11:21:18","scaleup","14m         Normal    ScalingReplicaSet              deployment/nginx-basic                    Scaled up replica set nginx-basic-76dd66bf4f to 1"
"2025-04-01 11:21:18","scaleup","11m         Normal    ScalingReplicaSet              deployment/nginx-basic                    Scaled up replica set nginx-basic-76dd66bf4f to 2 from 1"
"2025-04-01 11:21:18","scaleup","3m4s        Normal    ScalingReplicaSet              deployment/nginx-basic                    Scaled up replica set nginx-basic-76dd66bf4f to 1"
"2025-04-01 11:21:18","scaleup","19s         Normal    ScalingReplicaSet              deployment/nginx-basic                    Scaled up replica set nginx-basic-76dd66bf4f to 2 from 1"
"2025-04-01 11:21:28","scaleup","40m         Normal    ScalingReplicaSet              deployment/nginx-basic                    Scaled up replica set nginx-basic-76dd66bf4f to 1"
"2025-04-01 11:21:28","scaleup","37m         Normal    ScalingReplicaSet              deployment/nginx-basic                    Scaled up replica set nginx-basic-76dd66bf4f to 2 from 1"
"2025-04-01 11:21:28","scaleup","15m         Normal    ScalingReplicaSet              deployment/nginx-basic                    Scaled up replica set nginx-basic-76dd66bf4f to 1"
"2025-04-01 11:21:28","scaleup","12m         Normal    ScalingReplicaSet              deployment/nginx-basic                    Scaled up replica set nginx-basic-76dd66bf4f to 2 from 1"
"2025-04-01 11:21:28","scaleup","3m14s       Normal    ScalingReplicaSet              deployment/nginx-basic                    Scaled up replica set nginx-basic-76dd66bf4f to 1"
"2025-04-01 11:21:28","scaleup","29s         Normal    ScalingReplicaSet              deployment/nginx-basic                    Scaled up replica set nginx-basic-76dd66bf4f to 2 from 1"
"2025-04-01 11:21:38","scaleup","41m         Normal    ScalingReplicaSet              deployment/nginx-basic                    Scaled up replica set nginx-basic-76dd66bf4f to 1"
"2025-04-01 11:21:38","scaleup","37m         Normal    ScalingReplicaSet              deployment/nginx-basic                    Scaled up replica set nginx-basic-76dd66bf4f to 2 from 1"
"2025-04-01 11:21:38","scaleup","15m         Normal    ScalingReplicaSet              deployment/nginx-basic                    Scaled up replica set nginx-basic-76dd66bf4f to 1"
"2025-04-01 11:21:38","scaleup","12m         Normal    ScalingReplicaSet              deployment/nginx-basic                    Scaled up replica set nginx-basic-76dd66bf4f to 2 from 1"
"2025-04-01 11:21:38","scaleup","3m24s       Normal    ScalingReplicaSet              deployment/nginx-basic                    Scaled up replica set nginx-basic-76dd66bf4f to 1"
"2025-04-01 11:21:38","scaleup","39s         Normal    ScalingReplicaSet              deployment/nginx-basic                    Scaled up replica set nginx-basic-76dd66bf4f to 2 from 1"
"2025-04-01 11:21:48","scaleup","41m         Normal    ScalingReplicaSet              deployment/nginx-basic                    Scaled up replica set nginx-basic-76dd66bf4f to 1"
"2025-04-01 11:21:48","scaleup","37m         Normal    ScalingReplicaSet              deployment/nginx-basic                    Scaled up replica set nginx-basic-76dd66bf4f to 2 from 1"
"2025-04-01 11:21:48","scaleup","15m         Normal    ScalingReplicaSet              deployment/nginx-basic                    Scaled up replica set nginx-basic-76dd66bf4f to 1"
"2025-04-01 11:21:48","scaleup","12m         Normal    ScalingReplicaSet              deployment/nginx-basic                    Scaled up replica set nginx-basic-76dd66bf4f to 2 from 1"
"2025-04-01 11:21:48","scaleup","3m34s       Normal    ScalingReplicaSet              deployment/nginx-basic                    Scaled up replica set nginx-basic-76dd66bf4f to 1"
"2025-04-01 11:21:48","scaleup","49s         Normal    ScalingReplicaSet              deployment/nginx-basic                    Scaled up replica set nginx-basic-76dd66bf4f to 2 from 1"
"2025-04-01 11:21:58","scaleup","41m         Normal    ScalingReplicaSet              deployment/nginx-basic                    Scaled up replica set nginx-basic-76dd66bf4f to 1"
"2025-04-01 11:21:58","scaleup","38m         Normal    ScalingReplicaSet              deployment/nginx-basic                    Scaled up replica set nginx-basic-76dd66bf4f to 2 from 1"
"2025-04-01 11:21:58","scaleup","15m         Normal    ScalingReplicaSet              deployment/nginx-basic                    Scaled up replica set nginx-basic-76dd66bf4f to 1"
"2025-04-01 11:21:58","scaleup","12m         Normal    ScalingReplicaSet              deployment/nginx-basic                    Scaled up replica set nginx-basic-76dd66bf4f to 2 from 1"
"2025-04-01 11:21:58","scaleup","3m44s       Normal    ScalingReplicaSet              deployment/nginx-basic                    Scaled up replica set nginx-basic-76dd66bf4f to 1"
"2025-04-01 11:21:58","scaleup","59s         Normal    ScalingReplicaSet              deployment/nginx-basic                    Scaled up replica set nginx-basic-76dd66bf4f to 2 from 1"
"2025-04-01 11:22:08","scaleup","41m         Normal    ScalingReplicaSet              deployment/nginx-basic                    Scaled up replica set nginx-basic-76dd66bf4f to 1"
"2025-04-01 11:22:08","scaleup","38m         Normal    ScalingReplicaSet              deployment/nginx-basic                    Scaled up replica set nginx-basic-76dd66bf4f to 2 from 1"
"2025-04-01 11:22:08","scaleup","15m         Normal    ScalingReplicaSet              deployment/nginx-basic                    Scaled up replica set nginx-basic-76dd66bf4f to 1"
"2025-04-01 11:22:08","scaleup","12m         Normal    ScalingReplicaSet              deployment/nginx-basic                    Scaled up replica set nginx-basic-76dd66bf4f to 2 from 1"
"2025-04-01 11:22:08","scaleup","3m54s       Normal    ScalingReplicaSet              deployment/nginx-basic                    Scaled up replica set nginx-basic-76dd66bf4f to 1"
"2025-04-01 11:22:08","scaleup","69s         Normal    ScalingReplicaSet              deployment/nginx-basic                    Scaled up replica set nginx-basic-76dd66bf4f to 2 from 1"
"2025-04-01 11:22:18","scaleup","41m         Normal    ScalingReplicaSet              deployment/nginx-basic                    Scaled up replica set nginx-basic-76dd66bf4f to 1"
"2025-04-01 11:22:18","scaleup","38m         Normal    ScalingReplicaSet              deployment/nginx-basic                    Scaled up replica set nginx-basic-76dd66bf4f to 2 from 1"
"2025-04-01 11:22:18","scaleup","15m         Normal    ScalingReplicaSet              deployment/nginx-basic                    Scaled up replica set nginx-basic-76dd66bf4f to 1"
"2025-04-01 11:22:18","scaleup","12m         Normal    ScalingReplicaSet              deployment/nginx-basic                    Scaled up replica set nginx-basic-76dd66bf4f to 2 from 1"
"2025-04-01 11:22:18","scaleup","4m4s        Normal    ScalingReplicaSet              deployment/nginx-basic                    Scaled up replica set nginx-basic-76dd66bf4f to 1"
"2025-04-01 11:22:18","scaleup","79s         Normal    ScalingReplicaSet              deployment/nginx-basic                    Scaled up replica set nginx-basic-76dd66bf4f to 2 from 1"
"2025-04-01 11:22:28","scaleup","41m         Normal    ScalingReplicaSet              deployment/nginx-basic                    Scaled up replica set nginx-basic-76dd66bf4f to 1"
"2025-04-01 11:22:28","scaleup","38m         Normal    ScalingReplicaSet              deployment/nginx-basic                    Scaled up replica set nginx-basic-76dd66bf4f to 2 from 1"
"2025-04-01 11:22:28","scaleup","16m         Normal    ScalingReplicaSet              deployment/nginx-basic                    Scaled up replica set nginx-basic-76dd66bf4f to 1"
"2025-04-01 11:22:28","scaleup","13m         Normal    ScalingReplicaSet              deployment/nginx-basic                    Scaled up replica set nginx-basic-76dd66bf4f to 2 from 1"
"2025-04-01 11:22:28","scaleup","4m14s       Normal    ScalingReplicaSet              deployment/nginx-basic                    Scaled up replica set nginx-basic-76dd66bf4f to 1"
"2025-04-01 11:22:28","scaleup","89s         Normal    ScalingReplicaSet              deployment/nginx-basic                    Scaled up replica set nginx-basic-76dd66bf4f to 2 from 1"
"2025-04-01 11:22:38","scaleup","42m         Normal    ScalingReplicaSet              deployment/nginx-basic                    Scaled up replica set nginx-basic-76dd66bf4f to 1"
"2025-04-01 11:22:38","scaleup","38m         Normal    ScalingReplicaSet              deployment/nginx-basic                    Scaled up replica set nginx-basic-76dd66bf4f to 2 from 1"
"2025-04-01 11:22:38","scaleup","16m         Normal    ScalingReplicaSet              deployment/nginx-basic                    Scaled up replica set nginx-basic-76dd66bf4f to 1"
"2025-04-01 11:22:38","scaleup","13m         Normal    ScalingReplicaSet              deployment/nginx-basic                    Scaled up replica set nginx-basic-76dd66bf4f to 2 from 1"
"2025-04-01 11:22:38","scaleup","4m24s       Normal    ScalingReplicaSet              deployment/nginx-basic                    Scaled up replica set nginx-basic-76dd66bf4f to 1"
"2025-04-01 11:22:38","scaleup","99s         Normal    ScalingReplicaSet              deployment/nginx-basic                    Scaled up replica set nginx-basic-76dd66bf4f to 2 from 1"
"2025-04-01 11:22:48","scaleup","42m         Normal    ScalingReplicaSet              deployment/nginx-basic                    Scaled up replica set nginx-basic-76dd66bf4f to 1"
"2025-04-01 11:22:48","scaleup","38m         Normal    ScalingReplicaSet              deployment/nginx-basic                    Scaled up replica set nginx-basic-76dd66bf4f to 2 from 1"
"2025-04-01 11:22:48","scaleup","16m         Normal    ScalingReplicaSet              deployment/nginx-basic                    Scaled up replica set nginx-basic-76dd66bf4f to 1"
"2025-04-01 11:22:48","scaleup","13m         Normal    ScalingReplicaSet              deployment/nginx-basic                    Scaled up replica set nginx-basic-76dd66bf4f to 2 from 1"
"2025-04-01 11:22:48","scaleup","4m34s       Normal    ScalingReplicaSet              deployment/nginx-basic                    Scaled up replica set nginx-basic-76dd66bf4f to 1"
"2025-04-01 11:22:48","scaleup","109s        Normal    ScalingReplicaSet              deployment/nginx-basic                    Scaled up replica set nginx-basic-76dd66bf4f to 2 from 1"
"2025-04-01 11:22:58","scaleup","42m         Normal    ScalingReplicaSet              deployment/nginx-basic                    Scaled up replica set nginx-basic-76dd66bf4f to 1"
"2025-04-01 11:22:58","scaleup","39m         Normal    ScalingReplicaSet              deployment/nginx-basic                    Scaled up replica set nginx-basic-76dd66bf4f to 2 from 1"
"2025-04-01 11:22:58","scaleup","16m         Normal    ScalingReplicaSet              deployment/nginx-basic                    Scaled up replica set nginx-basic-76dd66bf4f to 1"
"2025-04-01 11:22:58","scaleup","13m         Normal    ScalingReplicaSet              deployment/nginx-basic                    Scaled up replica set nginx-basic-76dd66bf4f to 2 from 1"
"2025-04-01 11:22:58","scaleup","4m44s       Normal    ScalingReplicaSet              deployment/nginx-basic                    Scaled up replica set nginx-basic-76dd66bf4f to 1"
"2025-04-01 11:22:58","scaleup","119s        Normal    ScalingReplicaSet              deployment/nginx-basic                    Scaled up replica set nginx-basic-76dd66bf4f to 2 from 1"
"2025-04-01 11:23:08","scaleup","42m         Normal    ScalingReplicaSet              deployment/nginx-basic                    Scaled up replica set nginx-basic-76dd66bf4f to 1"
"2025-04-01 11:23:08","scaleup","39m         Normal    ScalingReplicaSet              deployment/nginx-basic                    Scaled up replica set nginx-basic-76dd66bf4f to 2 from 1"
"2025-04-01 11:23:08","scaleup","16m         Normal    ScalingReplicaSet              deployment/nginx-basic                    Scaled up replica set nginx-basic-76dd66bf4f to 1"
"2025-04-01 11:23:08","scaleup","13m         Normal    ScalingReplicaSet              deployment/nginx-basic                    Scaled up replica set nginx-basic-76dd66bf4f to 2 from 1"
"2025-04-01 11:23:08","scaleup","4m54s       Normal    ScalingReplicaSet              deployment/nginx-basic                    Scaled up replica set nginx-basic-76dd66bf4f to 1"
"2025-04-01 11:23:08","scaleup","2m9s        Normal    ScalingReplicaSet              deployment/nginx-basic                    Scaled up replica set nginx-basic-76dd66bf4f to 2 from 1"
"2025-04-01 11:23:18","scaleup","42m         Normal    ScalingReplicaSet              deployment/nginx-basic                    Scaled up replica set nginx-basic-76dd66bf4f to 1"
"2025-04-01 11:23:18","scaleup","39m         Normal    ScalingReplicaSet              deployment/nginx-basic                    Scaled up replica set nginx-basic-76dd66bf4f to 2 from 1"
"2025-04-01 11:23:18","scaleup","16m         Normal    ScalingReplicaSet              deployment/nginx-basic                    Scaled up replica set nginx-basic-76dd66bf4f to 1"
"2025-04-01 11:23:18","scaleup","13m         Normal    ScalingReplicaSet              deployment/nginx-basic                    Scaled up replica set nginx-basic-76dd66bf4f to 2 from 1"
"2025-04-01 11:23:18","scaleup","5m4s        Normal    ScalingReplicaSet              deployment/nginx-basic                    Scaled up replica set nginx-basic-76dd66bf4f to 1"
"2025-04-01 11:23:18","scaleup","2m19s       Normal    ScalingReplicaSet              deployment/nginx-basic                    Scaled up replica set nginx-basic-76dd66bf4f to 2 from 1"
"2025-04-01 11:23:28","scaleup","42m         Normal    ScalingReplicaSet              deployment/nginx-basic                    Scaled up replica set nginx-basic-76dd66bf4f to 1"
"2025-04-01 11:23:28","scaleup","39m         Normal    ScalingReplicaSet              deployment/nginx-basic                    Scaled up replica set nginx-basic-76dd66bf4f to 2 from 1"
"2025-04-01 11:23:28","scaleup","17m         Normal    ScalingReplicaSet              deployment/nginx-basic                    Scaled up replica set nginx-basic-76dd66bf4f to 1"
"2025-04-01 11:23:28","scaleup","14m         Normal    ScalingReplicaSet              deployment/nginx-basic                    Scaled up replica set nginx-basic-76dd66bf4f to 2 from 1"
"2025-04-01 11:23:28","scaleup","5m15s       Normal    ScalingReplicaSet              deployment/nginx-basic                    Scaled up replica set nginx-basic-76dd66bf4f to 1"
"2025-04-01 11:23:28","scaleup","2m30s       Normal    ScalingReplicaSet              deployment/nginx-basic                    Scaled up replica set nginx-basic-76dd66bf4f to 2 from 1"
"2025-04-01 11:23:39","scaleup","43m         Normal    ScalingReplicaSet              deployment/nginx-basic                    Scaled up replica set nginx-basic-76dd66bf4f to 1"
"2025-04-01 11:23:39","scaleup","39m         Normal    ScalingReplicaSet              deployment/nginx-basic                    Scaled up replica set nginx-basic-76dd66bf4f to 2 from 1"
"2025-04-01 11:23:39","scaleup","17m         Normal    ScalingReplicaSet              deployment/nginx-basic                    Scaled up replica set nginx-basic-76dd66bf4f to 1"
"2025-04-01 11:23:39","scaleup","14m         Normal    ScalingReplicaSet              deployment/nginx-basic                    Scaled up replica set nginx-basic-76dd66bf4f to 2 from 1"
"2025-04-01 11:23:39","scaleup","5m25s       Normal    ScalingReplicaSet              deployment/nginx-basic                    Scaled up replica set nginx-basic-76dd66bf4f to 1"
"2025-04-01 11:23:39","scaleup","2m40s       Normal    ScalingReplicaSet              deployment/nginx-basic                    Scaled up replica set nginx-basic-76dd66bf4f to 2 from 1"
"2025-04-01 11:23:49","scaleup","43m         Normal    ScalingReplicaSet              deployment/nginx-basic                    Scaled up replica set nginx-basic-76dd66bf4f to 1"
"2025-04-01 11:23:49","scaleup","39m         Normal    ScalingReplicaSet              deployment/nginx-basic                    Scaled up replica set nginx-basic-76dd66bf4f to 2 from 1"
"2025-04-01 11:23:49","scaleup","17m         Normal    ScalingReplicaSet              deployment/nginx-basic                    Scaled up replica set nginx-basic-76dd66bf4f to 1"
"2025-04-01 11:23:49","scaleup","14m         Normal    ScalingReplicaSet              deployment/nginx-basic                    Scaled up replica set nginx-basic-76dd66bf4f to 2 from 1"
"2025-04-01 11:23:49","scaleup","5m35s       Normal    ScalingReplicaSet              deployment/nginx-basic                    Scaled up replica set nginx-basic-76dd66bf4f to 1"
"2025-04-01 11:23:49","scaleup","2m50s       Normal    ScalingReplicaSet              deployment/nginx-basic                    Scaled up replica set nginx-basic-76dd66bf4f to 2 from 1"
"2025-04-01 11:23:59","scaleup","43m         Normal    ScalingReplicaSet              deployment/nginx-basic                    Scaled up replica set nginx-basic-76dd66bf4f to 1"
"2025-04-01 11:23:59","scaleup","40m         Normal    ScalingReplicaSet              deployment/nginx-basic                    Scaled up replica set nginx-basic-76dd66bf4f to 2 from 1"
"2025-04-01 11:23:59","scaleup","17m         Normal    ScalingReplicaSet              deployment/nginx-basic                    Scaled up replica set nginx-basic-76dd66bf4f to 1"
"2025-04-01 11:23:59","scaleup","14m         Normal    ScalingReplicaSet              deployment/nginx-basic                    Scaled up replica set nginx-basic-76dd66bf4f to 2 from 1"
"2025-04-01 11:23:59","scaleup","5m45s       Normal    ScalingReplicaSet              deployment/nginx-basic                    Scaled up replica set nginx-basic-76dd66bf4f to 1"
"2025-04-01 11:23:59","scaleup","3m          Normal    ScalingReplicaSet              deployment/nginx-basic                    Scaled up replica set nginx-basic-76dd66bf4f to 2 from 1"
"2025-04-01 11:24:09","scaleup","43m         Normal    ScalingReplicaSet              deployment/nginx-basic                    Scaled up replica set nginx-basic-76dd66bf4f to 1"
"2025-04-01 11:24:09","scaleup","40m         Normal    ScalingReplicaSet              deployment/nginx-basic                    Scaled up replica set nginx-basic-76dd66bf4f to 2 from 1"
"2025-04-01 11:24:09","scaleup","17m         Normal    ScalingReplicaSet              deployment/nginx-basic                    Scaled up replica set nginx-basic-76dd66bf4f to 1"
"2025-04-01 11:24:09","scaleup","14m         Normal    ScalingReplicaSet              deployment/nginx-basic                    Scaled up replica set nginx-basic-76dd66bf4f to 2 from 1"
"2025-04-01 11:24:09","scaleup","5m55s       Normal    ScalingReplicaSet              deployment/nginx-basic                    Scaled up replica set nginx-basic-76dd66bf4f to 1"
"2025-04-01 11:24:09","scaleup","3m10s       Normal    ScalingReplicaSet              deployment/nginx-basic                    Scaled up replica set nginx-basic-76dd66bf4f to 2 from 1"
"2025-04-01 11:24:19","scaleup","43m         Normal    ScalingReplicaSet              deployment/nginx-basic                    Scaled up replica set nginx-basic-76dd66bf4f to 1"
"2025-04-01 11:24:19","scaleup","40m         Normal    ScalingReplicaSet              deployment/nginx-basic                    Scaled up replica set nginx-basic-76dd66bf4f to 2 from 1"
"2025-04-01 11:24:19","scaleup","17m         Normal    ScalingReplicaSet              deployment/nginx-basic                    Scaled up replica set nginx-basic-76dd66bf4f to 1"
"2025-04-01 11:24:19","scaleup","14m         Normal    ScalingReplicaSet              deployment/nginx-basic                    Scaled up replica set nginx-basic-76dd66bf4f to 2 from 1"
"2025-04-01 11:24:19","scaleup","6m5s        Normal    ScalingReplicaSet              deployment/nginx-basic                    Scaled up replica set nginx-basic-76dd66bf4f to 1"
"2025-04-01 11:24:19","scaleup","3m20s       Normal    ScalingReplicaSet              deployment/nginx-basic                    Scaled up replica set nginx-basic-76dd66bf4f to 2 from 1"
"2025-04-01 11:24:29","scaleup","43m         Normal    ScalingReplicaSet              deployment/nginx-basic                    Scaled up replica set nginx-basic-76dd66bf4f to 1"
"2025-04-01 11:24:29","scaleup","40m         Normal    ScalingReplicaSet              deployment/nginx-basic                    Scaled up replica set nginx-basic-76dd66bf4f to 2 from 1"
"2025-04-01 11:24:29","scaleup","18m         Normal    ScalingReplicaSet              deployment/nginx-basic                    Scaled up replica set nginx-basic-76dd66bf4f to 1"
"2025-04-01 11:24:29","scaleup","15m         Normal    ScalingReplicaSet              deployment/nginx-basic                    Scaled up replica set nginx-basic-76dd66bf4f to 2 from 1"
"2025-04-01 11:24:29","scaleup","6m15s       Normal    ScalingReplicaSet              deployment/nginx-basic                    Scaled up replica set nginx-basic-76dd66bf4f to 1"
"2025-04-01 11:24:29","scaleup","3m30s       Normal    ScalingReplicaSet              deployment/nginx-basic                    Scaled up replica set nginx-basic-76dd66bf4f to 2 from 1"
"2025-04-01 11:24:39","scaleup","44m         Normal    ScalingReplicaSet              deployment/nginx-basic                    Scaled up replica set nginx-basic-76dd66bf4f to 1"
"2025-04-01 11:24:39","scaleup","40m         Normal    ScalingReplicaSet              deployment/nginx-basic                    Scaled up replica set nginx-basic-76dd66bf4f to 2 from 1"
"2025-04-01 11:24:39","scaleup","18m         Normal    ScalingReplicaSet              deployment/nginx-basic                    Scaled up replica set nginx-basic-76dd66bf4f to 1"
"2025-04-01 11:24:39","scaleup","15m         Normal    ScalingReplicaSet              deployment/nginx-basic                    Scaled up replica set nginx-basic-76dd66bf4f to 2 from 1"
"2025-04-01 11:24:39","scaleup","6m25s       Normal    ScalingReplicaSet              deployment/nginx-basic                    Scaled up replica set nginx-basic-76dd66bf4f to 1"
"2025-04-01 11:24:39","scaleup","3m40s       Normal    ScalingReplicaSet              deployment/nginx-basic                    Scaled up replica set nginx-basic-76dd66bf4f to 2 from 1"
"2025-04-01 11:24:49","scaleup","44m         Normal    ScalingReplicaSet              deployment/nginx-basic                    Scaled up replica set nginx-basic-76dd66bf4f to 1"
"2025-04-01 11:24:49","scaleup","40m         Normal    ScalingReplicaSet              deployment/nginx-basic                    Scaled up replica set nginx-basic-76dd66bf4f to 2 from 1"
"2025-04-01 11:24:49","scaleup","18m         Normal    ScalingReplicaSet              deployment/nginx-basic                    Scaled up replica set nginx-basic-76dd66bf4f to 1"
"2025-04-01 11:24:49","scaleup","15m         Normal    ScalingReplicaSet              deployment/nginx-basic                    Scaled up replica set nginx-basic-76dd66bf4f to 2 from 1"
"2025-04-01 11:24:49","scaleup","6m35s       Normal    ScalingReplicaSet              deployment/nginx-basic                    Scaled up replica set nginx-basic-76dd66bf4f to 1"
"2025-04-01 11:24:49","scaleup","3m50s       Normal    ScalingReplicaSet              deployment/nginx-basic                    Scaled up replica set nginx-basic-76dd66bf4f to 2 from 1"
"2025-04-01 11:24:59","scaleup","44m         Normal    ScalingReplicaSet              deployment/nginx-basic                    Scaled up replica set nginx-basic-76dd66bf4f to 1"
"2025-04-01 11:24:59","scaleup","41m         Normal    ScalingReplicaSet              deployment/nginx-basic                    Scaled up replica set nginx-basic-76dd66bf4f to 2 from 1"
"2025-04-01 11:24:59","scaleup","18m         Normal    ScalingReplicaSet              deployment/nginx-basic                    Scaled up replica set nginx-basic-76dd66bf4f to 1"
"2025-04-01 11:24:59","scaleup","15m         Normal    ScalingReplicaSet              deployment/nginx-basic                    Scaled up replica set nginx-basic-76dd66bf4f to 2 from 1"
"2025-04-01 11:24:59","scaleup","6m45s       Normal    ScalingReplicaSet              deployment/nginx-basic                    Scaled up replica set nginx-basic-76dd66bf4f to 1"
"2025-04-01 11:24:59","scaleup","4m          Normal    ScalingReplicaSet              deployment/nginx-basic                    Scaled up replica set nginx-basic-76dd66bf4f to 2 from 1"
"2025-04-01 11:25:09","scaleup","44m         Normal    ScalingReplicaSet              deployment/nginx-basic                    Scaled up replica set nginx-basic-76dd66bf4f to 1"
"2025-04-01 11:25:09","scaleup","41m         Normal    ScalingReplicaSet              deployment/nginx-basic                    Scaled up replica set nginx-basic-76dd66bf4f to 2 from 1"
"2025-04-01 11:25:09","scaleup","18m         Normal    ScalingReplicaSet              deployment/nginx-basic                    Scaled up replica set nginx-basic-76dd66bf4f to 1"
"2025-04-01 11:25:09","scaleup","15m         Normal    ScalingReplicaSet              deployment/nginx-basic                    Scaled up replica set nginx-basic-76dd66bf4f to 2 from 1"
"2025-04-01 11:25:09","scaleup","6m55s       Normal    ScalingReplicaSet              deployment/nginx-basic                    Scaled up replica set nginx-basic-76dd66bf4f to 1"
"2025-04-01 11:25:09","scaleup","4m10s       Normal    ScalingReplicaSet              deployment/nginx-basic                    Scaled up replica set nginx-basic-76dd66bf4f to 2 from 1"
"2025-04-01 11:25:19","scaleup","44m         Normal    ScalingReplicaSet              deployment/nginx-basic                    Scaled up replica set nginx-basic-76dd66bf4f to 1"
"2025-04-01 11:25:19","scaleup","41m         Normal    ScalingReplicaSet              deployment/nginx-basic                    Scaled up replica set nginx-basic-76dd66bf4f to 2 from 1"
"2025-04-01 11:25:19","scaleup","18m         Normal    ScalingReplicaSet              deployment/nginx-basic                    Scaled up replica set nginx-basic-76dd66bf4f to 1"
"2025-04-01 11:25:19","scaleup","15m         Normal    ScalingReplicaSet              deployment/nginx-basic                    Scaled up replica set nginx-basic-76dd66bf4f to 2 from 1"
"2025-04-01 11:25:19","scaleup","7m5s        Normal    ScalingReplicaSet              deployment/nginx-basic                    Scaled up replica set nginx-basic-76dd66bf4f to 1"
"2025-04-01 11:25:19","scaleup","4m20s       Normal    ScalingReplicaSet              deployment/nginx-basic                    Scaled up replica set nginx-basic-76dd66bf4f to 2 from 1"
"2025-04-01 11:25:29","scaleup","44m         Normal    ScalingReplicaSet              deployment/nginx-basic                    Scaled up replica set nginx-basic-76dd66bf4f to 1"
"2025-04-01 11:25:29","scaleup","41m         Normal    ScalingReplicaSet              deployment/nginx-basic                    Scaled up replica set nginx-basic-76dd66bf4f to 2 from 1"
"2025-04-01 11:25:29","scaleup","19m         Normal    ScalingReplicaSet              deployment/nginx-basic                    Scaled up replica set nginx-basic-76dd66bf4f to 1"
"2025-04-01 11:25:29","scaleup","16m         Normal    ScalingReplicaSet              deployment/nginx-basic                    Scaled up replica set nginx-basic-76dd66bf4f to 2 from 1"
"2025-04-01 11:25:29","scaleup","7m15s       Normal    ScalingReplicaSet              deployment/nginx-basic                    Scaled up replica set nginx-basic-76dd66bf4f to 1"
"2025-04-01 11:25:29","scaleup","4m30s       Normal    ScalingReplicaSet              deployment/nginx-basic                    Scaled up replica set nginx-basic-76dd66bf4f to 2 from 1"
"2025-04-01 11:25:39","scaleup","45m         Normal    ScalingReplicaSet              deployment/nginx-basic                    Scaled up replica set nginx-basic-76dd66bf4f to 1"
"2025-04-01 11:25:39","scaleup","41m         Normal    ScalingReplicaSet              deployment/nginx-basic                    Scaled up replica set nginx-basic-76dd66bf4f to 2 from 1"
"2025-04-01 11:25:39","scaleup","19m         Normal    ScalingReplicaSet              deployment/nginx-basic                    Scaled up replica set nginx-basic-76dd66bf4f to 1"
"2025-04-01 11:25:39","scaleup","16m         Normal    ScalingReplicaSet              deployment/nginx-basic                    Scaled up replica set nginx-basic-76dd66bf4f to 2 from 1"
"2025-04-01 11:25:39","scaleup","7m25s       Normal    ScalingReplicaSet              deployment/nginx-basic                    Scaled up replica set nginx-basic-76dd66bf4f to 1"
"2025-04-01 11:25:39","scaleup","4m40s       Normal    ScalingReplicaSet              deployment/nginx-basic                    Scaled up replica set nginx-basic-76dd66bf4f to 2 from 1"
"2025-04-01 11:25:49","scaleup","45m         Normal    ScalingReplicaSet              deployment/nginx-basic                    Scaled up replica set nginx-basic-76dd66bf4f to 1"
"2025-04-01 11:25:49","scaleup","41m         Normal    ScalingReplicaSet              deployment/nginx-basic                    Scaled up replica set nginx-basic-76dd66bf4f to 2 from 1"
"2025-04-01 11:25:49","scaleup","19m         Normal    ScalingReplicaSet              deployment/nginx-basic                    Scaled up replica set nginx-basic-76dd66bf4f to 1"
"2025-04-01 11:25:49","scaleup","16m         Normal    ScalingReplicaSet              deployment/nginx-basic                    Scaled up replica set nginx-basic-76dd66bf4f to 2 from 1"
"2025-04-01 11:25:49","scaleup","7m35s       Normal    ScalingReplicaSet              deployment/nginx-basic                    Scaled up replica set nginx-basic-76dd66bf4f to 1"
"2025-04-01 11:25:49","scaleup","4m50s       Normal    ScalingReplicaSet              deployment/nginx-basic                    Scaled up replica set nginx-basic-76dd66bf4f to 2 from 1"
"2025-04-01 11:25:59","scaleup","45m         Normal    ScalingReplicaSet              deployment/nginx-basic                    Scaled up replica set nginx-basic-76dd66bf4f to 1"
"2025-04-01 11:25:59","scaleup","42m         Normal    ScalingReplicaSet              deployment/nginx-basic                    Scaled up replica set nginx-basic-76dd66bf4f to 2 from 1"
"2025-04-01 11:25:59","scaleup","19m         Normal    ScalingReplicaSet              deployment/nginx-basic                    Scaled up replica set nginx-basic-76dd66bf4f to 1"
"2025-04-01 11:25:59","scaleup","16m         Normal    ScalingReplicaSet              deployment/nginx-basic                    Scaled up replica set nginx-basic-76dd66bf4f to 2 from 1"
"2025-04-01 11:25:59","scaleup","7m45s       Normal    ScalingReplicaSet              deployment/nginx-basic                    Scaled up replica set nginx-basic-76dd66bf4f to 1"
"2025-04-01 11:25:59","scaleup","5m          Normal    ScalingReplicaSet              deployment/nginx-basic                    Scaled up replica set nginx-basic-76dd66bf4f to 2 from 1"
"2025-04-01 11:26:09","scaleup","45m         Normal    ScalingReplicaSet              deployment/nginx-basic                    Scaled up replica set nginx-basic-76dd66bf4f to 1"
"2025-04-01 11:26:09","scaleup","42m         Normal    ScalingReplicaSet              deployment/nginx-basic                    Scaled up replica set nginx-basic-76dd66bf4f to 2 from 1"
"2025-04-01 11:26:09","scaleup","19m         Normal    ScalingReplicaSet              deployment/nginx-basic                    Scaled up replica set nginx-basic-76dd66bf4f to 1"
"2025-04-01 11:26:09","scaleup","16m         Normal    ScalingReplicaSet              deployment/nginx-basic                    Scaled up replica set nginx-basic-76dd66bf4f to 2 from 1"
"2025-04-01 11:26:09","scaleup","7m55s       Normal    ScalingReplicaSet              deployment/nginx-basic                    Scaled up replica set nginx-basic-76dd66bf4f to 1"
"2025-04-01 11:26:09","scaleup","5m10s       Normal    ScalingReplicaSet              deployment/nginx-basic                    Scaled up replica set nginx-basic-76dd66bf4f to 2 from 1"
